Item Title,Publication Title,Book Series Title,Journal Volume,Journal Issue,Item DOI,Authors,Publication Year,URL,Content Type
When AI meets AI: analyzing AI bills using AI,AI & SOCIETY,,,,10.1007/s00146-025-02466-9,Heonuk Ha,2025,https://link.springer.com/article/10.1007/s00146-025-02466-9,Article
"Uncovering structural relationships between AI literacy, AI ethics, AI problem-solving, and self-regulated learning",Discover Computing,,,,10.1007/s10791-026-10042-y,Senad BećirovićMichael AugustínBoris MattošJán Dančo,2026,https://link.springer.com/article/10.1007/s10791-026-10042-y,Article
Overview of AI Map β- Overview of AI Technologies and AI Problems: for Beginners and Practitioners in AI Research,New Generation Computing,,,,10.1007/s00354-025-00299-0,Fujio TsutsumiKoji MorikawaRyutaro IchiseKen UenoTakeshi YoshiokaTakao Tomono,2025,https://link.springer.com/article/10.1007/s00354-025-00299-0,Article
Adapting To the AI Age with Flexible Minds: Exploring the Mediating Role of AI Self-efficacy and AI Acceptance Between Cognitive Flexibility and AI Anxiety,Journal of Technology in Behavioral Science,,,,10.1007/s41347-025-00582-3,Bilal KayaAhmet Keskin,2026,https://link.springer.com/article/10.1007/s41347-025-00582-3,Article
Remembering with AI: From Distributed Memory to AI-Curated and Human-AI Co-Memory,Review of Philosophy and Psychology,,,,10.1007/s13164-026-00815-1,Pii Telakivi,2026,https://link.springer.com/article/10.1007/s13164-026-00815-1,Article
Assessing Teachers’ Readiness for AI Integration: Insights from AI-Specific TPACK and Attitudes Toward AI,The Asia-Pacific Education Researcher,,,,10.1007/s40299-026-01093-2,Sudi Dul AjiNurul AinAkhmad ZainiMuhammad Nur HudhaKadek Dwi Hendratma GunawanHestiningtyas Yuli  PratiwiAndi Wahyudi,2026,https://link.springer.com/article/10.1007/s40299-026-01093-2,Article
"Modeling the relationships between secondary school students’ AI learning attitude, AI literacy and AI career interest",Education and Information Technologies,,,,10.1007/s10639-025-13715-1,Di ZhangHongwu YangYanshan HeWeitong Guo,2025,https://link.springer.com/article/10.1007/s10639-025-13715-1,Article
"AI, journalism, and critical AI literacy: exploring journalists’ perspectives on AI and responsible reporting",AI & SOCIETY,,,,10.1007/s00146-025-02407-6,Tomasz HollanekDorian PetersEleanor DrageRaphael Hernandes,2025,https://link.springer.com/article/10.1007/s00146-025-02407-6,Article
Hallucinating with AI: Distributed Delusions and “AI Psychosis”,Philosophy & Technology,,,,10.1007/s13347-026-01034-3,Lucy Osler,2026,https://link.springer.com/article/10.1007/s13347-026-01034-3,Article
"Efficacy of AI-Text Detection Tools in Distinguishing Student-Produced, AI-Edited, and AI-Generated Essays","Technology, Knowledge and Learning",,,,10.1007/s10758-025-09884-0,Jessie S. BarrotMa. Rita R. Aranda,2025,https://link.springer.com/article/10.1007/s10758-025-09884-0,Article
Ethical perspectives on AI Agents and Agentic AI,AI and Ethics,,,,10.1007/s43681-026-01027-0,Michael HahnMax TretterPeter Dabrock,2026,https://link.springer.com/article/10.1007/s43681-026-01027-0,Article
The relation between openness to experience and AI acceptance among university students: the chain mediation role of AI trust and AI anxiety,Current Psychology,,,,10.1007/s12144-026-09041-5,Zhenli JiangHongbo GuoKaizhen KongMing ZhaoShuna Li,2026,https://link.springer.com/article/10.1007/s12144-026-09041-5,Article
From AI security to ethical AI security: a comparative risk-mitigation framework for classical and hybrid AI governance,AI and Ethics,,,,10.1007/s43681-025-00935-x,Ludovica IlariSimona TiribelliFilippo Caruso,2026,https://link.springer.com/article/10.1007/s43681-025-00935-x,Article
Metacognitive AI literacy: findings from an interactive AI fair,AI & SOCIETY,,,,10.1007/s00146-025-02803-y,Brian HutlerYusra AlzahraniAnu OlagunjuKevin DohertyMeghnaa TallapragadaBruce W. Hardy,2025,https://link.springer.com/article/10.1007/s00146-025-02803-y,Article
Responsible AI measures dataset for ethics evaluation of AI systems,Scientific Data,,,,10.1038/s41597-025-06021-5,Shalaleh RismaniLeah DavisBonam MingoleNegar RostamzadehRenee ShelbyAJung Moon,2025,https://link.springer.com/article/10.1038/s41597-025-06021-5,Article
Scoping the AI curriculum: key competencies for future AI practitioners,AI and Ethics,,,,10.1007/s43681-026-01021-6,James WeichertHoda Eldardiry,2026,https://link.springer.com/article/10.1007/s43681-026-01021-6,Article
Can generative AI bridge the gap? A quasi-experimental study of non-programmers with AI vs. programmers without AI,Empirical Software Engineering,,,,10.1007/s10664-026-10813-7,Leonardo Martín EsnaolaHugo Dionisio RamónLaura Cristina Lanzarini,2026,https://link.springer.com/article/10.1007/s10664-026-10813-7,Article
Sensemaking AI: Introducing a research and design agenda for human–AI networks,EPJ Data Science,,,,10.1140/epjds/s13688-026-00634-5,Tina Comes,2026,https://link.springer.com/article/10.1140/epjds/s13688-026-00634-5,Article
Human–AI hybrid finance: from AI tools to decision systems,Financial Innovation,,,,10.1186/s40854-026-00941-w,Gang KouYan LiHaomin WangXin Wang,2026,https://link.springer.com/article/10.1186/s40854-026-00941-w,Article
On Understanding the Terms “Promising AI Methods” and “Promising AI Technologies”,Automatic Documentation and Mathematical Linguistics,,,,10.3103/S0005105525701122,M. I. Zabezhailo,2025,https://link.springer.com/article/10.3103/S0005105525701122,Article
How the perceived substitution of AI technology hinders nurses’ innovation behavior: the mediating role of AI anxiety and human-AI cooperation intention and the moderating role of organizational AI readiness,BMC Nursing,,,,10.1186/s12912-025-03265-9,Jianpeng FanLeilei ZhangNing LiShuyu Man,2025,https://link.springer.com/article/10.1186/s12912-025-03265-9,Article
Decoding AI: an early look at how French firms use AI,Eurasian Business Review,,,,10.1007/s40821-026-00347-9,Flavio CalvinoLuca Fontanelli,2026,https://link.springer.com/article/10.1007/s40821-026-00347-9,Article
"Exploring AI literacy, attitudes toward AI, and intentions to use AI in clinical contexts among healthcare students in Korea: a cross-sectional study",BMC Medical Education,,,,10.1186/s12909-025-07766-8,Jihyun Si,2025,https://link.springer.com/article/10.1186/s12909-025-07766-8,Article
"Exploring the relationship between AI literacy, AI trust, AI dependency, and 21st century skills in preservice mathematics teachers",Scientific Reports,,,,10.1038/s41598-025-99127-0,Dongli ZhangTommy Tanu WijayaYing WangMingyu SuXinxin LiNia Wahyu Damayanti,2025,https://link.springer.com/article/10.1038/s41598-025-99127-0,Article
Learning with AI: Student Intentions for Academic Use and Broader Perspectives on AI,"Technology, Knowledge and Learning",,,,10.1007/s10758-026-09982-7,Moon-Heum ChoEunHae Grace ParkSeongmi LimHyeonho Yu,2026,https://link.springer.com/article/10.1007/s10758-026-09982-7,Article
Development of AI ethics guidelines model based on AI life cycle,AI and Ethics,,,,10.1007/s43681-025-00851-0,NaKyung Lee,2025,https://link.springer.com/article/10.1007/s43681-025-00851-0,Article
Building Future-Ready Capabilities: How AI Reshapes Enterprise Talent Development,SN Computer Science,,,,10.1007/s42979-025-04642-6,Ai-Tzu LiPei-Ying YuJo-Wei ChiangYu-Chia Chang,2026,https://link.springer.com/article/10.1007/s42979-025-04642-6,Article
Neuro-ethical AI and public perceptions of healthcare AI in Japan,AI and Ethics,,,,10.1007/s43681-025-00945-9,Hiroshi MiyashitaHasan ErbayNader Ghotbi,2026,https://link.springer.com/article/10.1007/s43681-025-00945-9,Article
Challenges in applying the EU AI act research exemptions to contemporary AI research,npj Digital Medicine,,,,10.1038/s41746-025-02263-0,Janos MeszarosIsabelle HuysJohn P. A. Ioannidis,2026,https://link.springer.com/article/10.1038/s41746-025-02263-0,Article
Generative AI as an Interface Between Farmers and AI Algorithms: Opportunities and Challenges,Journal of the Indian Institute of Science,,,,10.1007/s41745-025-00490-8,Wenbo ZhangAmulya Yadav,2026,https://link.springer.com/article/10.1007/s41745-025-00490-8,Article
Thinking AI or feeling AI? The effect of AI on consumers’ willingness to purchase healthy food from the perspective of nudge,Humanities and Social Sciences Communications,,,,10.1057/s41599-025-05391-w,Chongwu BiXinyu CuiZhuo SunYan Jin,2025,https://link.springer.com/article/10.1057/s41599-025-05391-w,Article
AI-generated or AI touch-up? Identifying AI contribution in text data,International Journal of Data Science and Analytics,,,,10.1007/s41060-024-00693-9,Ahmad HashemiWei ShiJean-Pierre Corriveau,2024,https://link.springer.com/article/10.1007/s41060-024-00693-9,Article
TrustFusion AI: A Deep Fusion Architecture for Trusted AI Applications,Journal of Computer Science and Technology,,,,10.1007/s11390-025-5938-2,Xiao-Bing GuoQing-Xiao GuoWei-Feng ZhangYun-Hao WangYi-Long Ma,2026,https://link.springer.com/article/10.1007/s11390-025-5938-2,Article
AI as Functional Intelligence: Cognitive Modeling in Generative AI,Philosophy & Technology,,,,10.1007/s13347-026-01124-2,Simone Conversano,2026,https://link.springer.com/article/10.1007/s13347-026-01124-2,Article
Deciphering authenticity in the age of AI: how AI-generated disinformation images and AI detection tools influence judgements of authenticity,AI & SOCIETY,,,,10.1007/s00146-025-02416-5,Aqsa FarooqClaes de Vreese,2025,https://link.springer.com/article/10.1007/s00146-025-02416-5,Article
AI literacy mediates AI assisted diagnosis participation and critical thinking among medical students under supervision,npj Digital Medicine,,,,10.1038/s41746-026-02521-9,Yang XinDeng YanLuo ShurenLuo MinyangLu Liuheng,2026,https://link.springer.com/article/10.1038/s41746-026-02521-9,Article
Linking AI awareness with AI crafting: A dual-stage moderated mediation model,Current Psychology,,,,10.1007/s12144-026-09137-y,Yuechao DuBowen DongKeying Lu,2026,https://link.springer.com/article/10.1007/s12144-026-09137-y,Article
Metaphors of AI indicate that people increasingly perceive AI as warm and human-like,Communications Psychology,,,,10.1038/s44271-025-00376-6,Myra ChengAngela Y. LeeKristina RapuanoKate NiederhofferAlex LiebscherJeffrey Hancock,2026,https://link.springer.com/article/10.1038/s44271-025-00376-6,Article
Organizational psychological ownership drives employee-AI collaboration via AI crafting under paternalistic leadership,Scientific Reports,,,,10.1038/s41598-026-36152-7,Qichao ZhangFeiwen WangGanli Liao,2026,https://link.springer.com/article/10.1038/s41598-026-36152-7,Article
Warning people about the risk of AI error mitigates human acquisition of AI bias,Cognitive Research: Principles and Implications,,,,10.1186/s41235-026-00726-w,Lucía VicenteHelena Matute,2026,https://link.springer.com/article/10.1186/s41235-026-00726-w,Article
AI as Political Infrastructure: A Diamond Model of Political AI Ethics,Philosophy & Technology,,,,10.1007/s13347-026-01058-9,Ayşe Aslı Bozdağ,2026,https://link.springer.com/article/10.1007/s13347-026-01058-9,Article
"AI agent, take over?! Task delegation to agentic AI systems in the Philippines",AI & SOCIETY,,,,10.1007/s00146-026-03060-3,Marc Hasselwander,2026,https://link.springer.com/article/10.1007/s00146-026-03060-3,Article
AI-Responsive Agile Leadership and Sustainable Organizational Outcomes in AI-Integrated Environments,Global Journal of Flexible Systems Management,,,,10.1007/s40171-026-00489-9,Porkodi SSanyo MoosaSonal Pundhir,2026,https://link.springer.com/article/10.1007/s40171-026-00489-9,Article
AI literacy in healthcare organisations: implementing article 4 of the EU AI Act with M-SHALF,npj Health Systems,,,,10.1038/s44401-026-00104-0,Sofia PalmieriJens DeclerckSonia PriouNathan LeaDipak Kalra,2026,https://www.nature.com/articles/s44401-026-00104-0,Article
Developing an AI-TPACK framework: exploring the mediating role of AI attitudes in pre-service TCSL teachers’ self-efficacy and AI-TPACK,Education and Information Technologies,,,,10.1007/s10639-025-13630-5,Guanyao XuAiqing YuAnna GaoGuy Trainin,2025,https://link.springer.com/article/10.1007/s10639-025-13630-5,Article
A scoping review of AI for sustainability and sustainable AI in higher education,Discover Computing,,,,10.1007/s10791-025-09861-2,Ben Kei DanielNataliya PodgorodnichenkoSarah Carr,2026,https://link.springer.com/article/10.1007/s10791-025-09861-2,Article
Applying the Model for Assessing the Value of AI (MAS-AI) Framework To Organizational AI: A Case Study of Surgical Scheduling Assessment in Italy,Journal of Medical Systems,,,,10.1007/s10916-025-02235-7,Valentina BelliniFrancesco CalabròElena BignamiTudor Mihai HajaIben FasterholdtBenjamin SB RasmussenRossana Cecchi,2025,https://link.springer.com/article/10.1007/s10916-025-02235-7,Article
Integrating ESG and AI: a comprehensive responsible AI assessment framework,AI and Ethics,,,,10.1007/s43681-025-00741-5,Sung Une LeeHarsha PereraYue LiuBoming XiaQinghua LuLiming ZhuJessica CairnsMoana Nottage,2025,https://link.springer.com/article/10.1007/s43681-025-00741-5,Article
"Formation-based AI ethics: ethical formation, responsibility, and opportunity cost in AI ecosystems",AI and Ethics,,,,10.1007/s43681-026-01165-5,Maurice N. Emelu,2026,https://link.springer.com/article/10.1007/s43681-026-01165-5,Article
The explainable AI dilemma under knowledge imbalance in specialist AI for glaucoma referrals in primary care,npj Digital Medicine,,,,10.1038/s41746-025-02069-0,Catalina GomezRuolin WangKatharina BreiningerCorinne CaseyChris BradleyMitchell PavlakAlex PhamJithin YohannanMathias Unberath,2025,https://link.springer.com/article/10.1038/s41746-025-02069-0,Article
Collaboration between individuals and AI: fusing mental effort and AI for work meaningfulness,AI & SOCIETY,,,,10.1007/s00146-025-02772-2,Mateja VodiškarCaroline Ruiner,2025,https://link.springer.com/article/10.1007/s00146-025-02772-2,Article
The Question of AI and Democracy: Four Categories of AI Governance,Philosophy & Technology,,,,10.1007/s13347-025-00904-6,Sung Jun Han,2025,https://link.springer.com/article/10.1007/s13347-025-00904-6,Article
Operationalising ethical AI governance: a triadic framework for the European AI act,AI and Ethics,,,,10.1007/s43681-025-00882-7,Joffrey Baeyaert,2025,https://link.springer.com/article/10.1007/s43681-025-00882-7,Article
Bridging modalities with AI: a review of AI advances in multimodal biomedical imaging,Communications Engineering,,,,10.1038/s44172-026-00602-x,Le Minh Thao DoanKaveh ShahhosseiniSuraj VermaAbdolreza MarefatGiorgio LociceroSneha VermaClaudio AngioneAnnalisa Occhipinti,2026,https://link.springer.com/article/10.1038/s44172-026-00602-x,Article
Mapping AI regulation in health care with the Health &amp; AI Policy Index,npj Digital Medicine,,,,10.1038/s41746-026-02734-y,Will MossBenjamin S. GlicksbergSabina LimAlexis ZebrowskiGirish N. Nadkarni,2026,https://link.springer.com/article/10.1038/s41746-026-02734-y,Article
Mapping AI startup investment and innovation in healthcare using a five-tier AI systems complexity framework,npj Digital Medicine,,,,10.1038/s41746-026-02595-5,Ahmed ZahlanPek Hooi SohBart Clarysse,2026,https://link.springer.com/article/10.1038/s41746-026-02595-5,Article
Feeling Ashamed of AI? How Upward Social Comparison with AI Coworkers Influences Employee Job Burnout,Journal of Business and Psychology,,,,10.1007/s10869-026-10119-x,Yidan MaJian Li,2026,https://link.springer.com/article/10.1007/s10869-026-10119-x,Article
Echoes of AI: Investigating the downstream effects of AI assistants on software maintainability,Empirical Software Engineering,,,,10.1007/s10664-026-10889-1,Markus BorgDave HewettNadim HagatulahNoric CoudercEmma SöderbergDonald GrahamUttam KiniDave Farley,2026,https://link.springer.com/article/10.1007/s10664-026-10889-1,Article
Addressing AI anxiety: workforce development strategies for an AI-driven era,International Journal of System Assurance Engineering and Management,,,,10.1007/s13198-025-02916-z,C. DhilipanA. S. KannanElamurugan B,2025,https://link.springer.com/article/10.1007/s13198-025-02916-z,Article
The impact of an AI Digital Teacher on human-AI collaborative learning in higher education,Smart Learning Environments,,,,10.1186/s40561-026-00454-0,Yili SunFei Liu,2026,https://link.springer.com/article/10.1186/s40561-026-00454-0,Article
The Rise of AI in Exchange-Traded Funds: Assessing Robo-Advisors and AI-Exposed ETFs,Computational Economics,,,,10.1007/s10614-026-11320-z,Monia Antar,2026,https://link.springer.com/article/10.1007/s10614-026-11320-z,Article
The influence of artificial intelligence (AI) transparency on AI acceptance in managerial decision-making,Journal of Management Control,,,,10.1007/s00187-025-00396-7,Gustavo Henrique Costa SouzaClaudio de Araujo WanderleyAndson Braga de Aguiar,2025,https://link.springer.com/article/10.1007/s00187-025-00396-7,Article
Towards friendly AI: a comprehensive review and new perspectives on human-AI alignment,AI and Ethics,,,,10.1007/s43681-026-01070-x,Qiyang SunYupei LiEmran AlturkiSunil Munthumoduku Krishna MurthyBjoern W. Schuller,2026,https://link.springer.com/article/10.1007/s43681-026-01070-x,Article
Governance and legitimacy in AI: developing and testing the AI Authorship Legitimacy Model (AALM),AI and Ethics,,,,10.1007/s43681-026-01162-8,Sam Adeyemi,2026,https://link.springer.com/article/10.1007/s43681-026-01162-8,Article
AI and Gender—The Ambivalent Role of AI in Advancing Gender Equality for SDG 5,Journal of Human Rights and Social Work,,,,10.1007/s41134-025-00432-5,Lucie SteckerMichael BoeckerUli KowolTanusha Raniga,2026,https://link.springer.com/article/10.1007/s41134-025-00432-5,Article
ONRAMP-AI-VRAR: an operational protocol for ethics and governance of AI-enabled immersive psychotherapy,BMC Psychiatry,,,,10.1186/s12888-025-07557-x,Aneesh RahangdaleJordan SchildkrautChristopher Wadsworth,2025,https://link.springer.com/article/10.1186/s12888-025-07557-x,Article
Explainable AI as a Rhetorical Technology: Promoting Civic Virtue in the Age of AI,Topoi,,,,10.1007/s11245-026-10451-0,Wessel Reijers,2026,https://link.springer.com/article/10.1007/s11245-026-10451-0,Article
The AI implementation gap in trauma radiography: standalone <i>versus</i> discretionary AI-integrated fracture detection,European Radiology Experimental,,,,10.1186/s41747-026-00763-6,Anna GurabiSirus S. Hosseini-BegtaryPeter HegedusAndor Viktor GalPal Maurovich-HorvatNikolett Marton,2026,https://link.springer.com/article/10.1186/s41747-026-00763-6,Article
Does AI Foster imposter feelings? The impact of task design on students’ use of AI,Education and Information Technologies,,,,10.1007/s10639-025-13883-0,Santiago Batista-ToledoDiana Gavilan,2026,https://link.springer.com/article/10.1007/s10639-025-13883-0,Article
The anatomy of AI policies: a systematic comparative analysis of AI policies across the globe,AI and Ethics,,,,10.1007/s43681-025-00886-3,Amna BatoolSunny LeeYue LiuLiming Dong,2025,https://link.springer.com/article/10.1007/s43681-025-00886-3,Article
The impact of information type on AI threat perception: evidence from AI unemployment scenarios,Current Psychology,,,,10.1007/s12144-025-08989-0,Jiahua WuYuyan ZhangWanglong JinFeng YuLiying Xu,2026,https://link.springer.com/article/10.1007/s12144-025-08989-0,Article
On human-AI co-creative discovery framework: strategic ideas on AI-augmented philosophical dialogue,AI & SOCIETY,,,,10.1007/s00146-025-02745-5,Hoang-Hai NguyenManh-Tung Ho,2025,https://link.springer.com/article/10.1007/s00146-025-02745-5,Article
Can we trust academic AI detective? Accuracy and limitations of AI-output detectors,Acta Neurochirurgica,,,,10.1007/s00701-025-06622-4,Gökberk ErolAnıl ErgenBüşra Gülşen ErolŞebnem Kaya ErgenTevfik Serhan BoraAli Deniz ÇölgeçenBüşra ArazCansel ŞahinGünsu Bostancıİlayda KılıçZeynep Birce MacitUmut Tan SevgiAbuzer Güngör,2025,https://link.springer.com/article/10.1007/s00701-025-06622-4,Article
Is there a tension between AI safety and AI welfare?,Philosophical Studies,,,,10.1007/s11098-025-02302-2,Robert LongJeff SeboToni Sims,2025,https://link.springer.com/article/10.1007/s11098-025-02302-2,Article
The Illusion of “AI-First”: Organizational Rationality and the Performative Translation of AI Hype,Philosophy & Technology,,,,10.1007/s13347-026-01081-w,Francesco Branda,2026,https://link.springer.com/article/10.1007/s13347-026-01081-w,Article
Demystifying AI: The urgency of a critical stance on the use of AI systems in education,PROSPECTS,,,,10.1007/s11125-026-09760-4,Dagmar Mercedes HeegLucy Avraamidou,2026,https://link.springer.com/article/10.1007/s11125-026-09760-4,Article
Designing AI-powered learning: adult learners’ expectations for curriculum and human-AI interaction,Educational technology research and development,,,,10.1007/s11423-025-10549-z,Jinhee KimSeongryeong YuRita DetrickXi LinNa Li,2025,https://link.springer.com/article/10.1007/s11423-025-10549-z,Article
Flight rules for clinical AI: lessons from aviation for human-AI collaboration in medicine,npj Digital Medicine,,,,10.1038/s41746-026-02410-1,Ariel Yuhan OngDavid A. MerleAndreas PollreiszSiegfried K. WagnerMertcan SevgiPearse A. KeaneRoman HuemerJulian OehlingMarkus JägerJosef Huemer,2026,https://link.springer.com/article/10.1038/s41746-026-02410-1,Article
The SME AI Experience Center: Overcoming AI Adoption Barriers for SMEs in Industrial Production,KI - Künstliche Intelligenz,,,,10.1007/s13218-025-00899-4,Judith KnoblachLena VoglCamilla WehnertClaus-Christian CarbonJulia FranzUte Schmid,2025,https://link.springer.com/article/10.1007/s13218-025-00899-4,Article
Using AI to control AI-assisted plagiarism in L2 writing: a critical review of the literature,Language Testing in Asia,,,,10.1186/s40468-026-00433-9,Karim Ibrahim,2026,https://link.springer.com/article/10.1186/s40468-026-00433-9,Article
"The more you think you know: AI experience, literacy, heuristics, and perceived AI authorship",AI & SOCIETY,,,,10.1007/s00146-025-02643-w,Sixiao LiuHaoran ChuShupei YuanYuan SunLinjuan Rita Men,2025,https://link.springer.com/article/10.1007/s00146-025-02643-w,Article
AI going rogue? An integrative narrative review of the tacit assumptions underlying existential AI-risks,AI and Ethics,,,,10.1007/s43681-025-00928-w,Jascha BareisClemens AckerlReinhard Heil,2026,https://link.springer.com/article/10.1007/s43681-025-00928-w,Article
Meta-ethics and AI: exploring the novel meta-ethical questions in the era of AI,AI and Ethics,,,,10.1007/s43681-026-01134-y,Shang Lu,2026,https://link.springer.com/article/10.1007/s43681-026-01134-y,Article
Emerging AI individualism: how young people integrate social AI into everyday life,Communication and Change,,,,10.1007/s44382-025-00011-2,Petter Bae BrandtzaegAsbjørn FølstadMarita Skjuve,2025,https://link.springer.com/article/10.1007/s44382-025-00011-2,Article
"Feeling AI: Circulating emotions, institutional climates, and moral boundaries in student use of AI",Higher Education,,,,10.1007/s10734-026-01658-6,Glenys ObergYifei LiangMargaret BearmanTim FawnsMichael HendersonKelly E. Matthews,2026,https://link.springer.com/article/10.1007/s10734-026-01658-6,Article
Teaching and learning with AI: an Integrated AI-Oriented Pedagogical Model,The Australian Educational Researcher,,,,10.1007/s13384-025-00913-6,Edwin CreelyKelly Carabott,2025,https://link.springer.com/article/10.1007/s13384-025-00913-6,Article
Integrating AI Literacy into Medical Education: Preparing Future Clinicians for an AI-Driven Healthcare System,Medical Science Educator,,,,10.1007/s40670-025-02599-y,Linda ChangRadhika Sreedhar,2026,https://link.springer.com/article/10.1007/s40670-025-02599-y,Article
Nurses’ attitudes toward artificial intelligence: AI literacy as a predictor and the mediating effect of AI anxiety,BMC Nursing,,,,10.1186/s12912-025-04142-1,Sai LiuYanchao XiaoManhua NieXiaoqiong YuanLiping WangMi WangZhimei Wu,2025,https://link.springer.com/article/10.1186/s12912-025-04142-1,Article
Reimagining libraries in the AI era: ethical AI literacy and human-centered strategies,AI & SOCIETY,,,,10.1007/s00146-025-02827-4,Russell MichalakDevon Ellixson,2026,https://link.springer.com/article/10.1007/s00146-025-02827-4,Article
AI-based credit scoring at the intersection of GDPR and AI Act: lessons from the SCHUFA judgment,ERA Forum,,,,10.1007/s12027-025-00865-5,Madeleine Müller,2025,https://link.springer.com/article/10.1007/s12027-025-00865-5,Article
"Lived, affective, and cultural dimensions of ethical AI: beyond procedural AI ethics",AI & SOCIETY,,,,10.1007/s00146-026-03165-9,Sharon Tettegah,2026,https://link.springer.com/article/10.1007/s00146-026-03165-9,Article
Discipline-Specific AI literacy (DiSAIL): a theoretical framework for situated engagement with generative AI in education,International Journal of Technology and Design Education,,,,10.1007/s10798-026-10060-3,Karin StolpeAndreas LarssonMarlene Johansson Falck,2026,https://link.springer.com/article/10.1007/s10798-026-10060-3,Article
"Community perspectives on health AI: hopes, concerns and implications for health systems and trustworthy AI",AI and Ethics,,,,10.1007/s43681-026-00987-7,Kerry A. RyanMorgan L. SielaffDalya SaleemJoshua RichardsonSean TanReema HamashaPaige NongSharon L.R. KardiaVeronica RomanovAdnan HammadJodyn Platt,2026,https://link.springer.com/article/10.1007/s43681-026-00987-7,Article
Through the AI looking glass: measuring gendered objectification in user-generated AI images,AI and Ethics,,,,10.1007/s43681-025-00895-2,Anusha Asim,2025,https://link.springer.com/article/10.1007/s43681-025-00895-2,Article
Long-term prognostic implications of AI-detected versus AI-undetected breast cancers on mammography: a propensity score-matched analysis,European Radiology,,,,10.1007/s00330-026-12493-9,Hee Jeong KimEun Young ChaeHye Joung EomWoo Jung ChoiHee Jung ShinJoo Hee ChaHak Hee Kim,2026,https://link.springer.com/article/10.1007/s00330-026-12493-9,Article
AI-Y: An AI Checklist for Population Ethics Across the Global Context,Current Epidemiology Reports,,,,10.1007/s40471-025-00362-w,Yulin HswenJohn A. NaslundMargaret HurleyBart RagonMargaret A. HandleyFang FangEmily E. HarozJoyce Nakatumba-NabendeAlastair van HeerdenElaine O. Nsoesie,2025,https://link.springer.com/article/10.1007/s40471-025-00362-w,Article
AI-ding peer feedback: a randomized study of self-generated vs. ai-assisted peer feedback,BMC Medical Education,,,,10.1186/s12909-025-08225-0,Zachary R. NoelHeewoo LeeChristina H. SherrillIan B. HollisJacqueline E. McLaughlin,2025,https://link.springer.com/article/10.1186/s12909-025-08225-0,Article
When AI pushes back: The impact of AI dissent on user knowledge innovation in online knowledge communities,Electronic Markets,,,,10.1007/s12525-026-00872-5,Jiaxuan LiMingxing HanQinjian Yuan,2026,https://link.springer.com/article/10.1007/s12525-026-00872-5,Article
Generative AI in Data Science Programming: Differences in Performance Between Groups With and Without AI-assistance,Education and Information Technologies,,,,10.1007/s10639-025-13801-4,Tenzin DoleckPedram AgandDylan Pirrotta,2025,https://link.springer.com/article/10.1007/s10639-025-13801-4,Article
Beneficial Mistrust in Generative AI? The Role of AI Literacy in Programmers’ Handling of Bad Coding Advice,Business & Information Systems Engineering,,,,10.1007/s12599-026-01000-5,Dirk LeffrangNina PasslackOliver MüllerOliver Posegga,2026,https://link.springer.com/article/10.1007/s12599-026-01000-5,Article
Why People Use AI Voice Assistants (AIVAs): Application of the Human Interactivity Perspective to Human-AI Interactions,Information Systems Frontiers,,,,10.1007/s10796-026-10702-w,Youngho YoonOne-Ki Daniel Lee,2026,https://link.springer.com/article/10.1007/s10796-026-10702-w,Article
Evaluating cognitive biases in AI-assisted mammography interpretation: a simulation reader study of explainable AI across radiologist experience levels,European Radiology,,,,10.1007/s00330-026-12666-6,Filippo PesapaneAntuono LatronicoFrancesca AbbateSilvia PencoAnna RotiliValeria DominelliLuca NicosiaDario MonzaniRoberto GrassoGabriella PravettoniEnrico Cassano,2026,https://link.springer.com/article/10.1007/s00330-026-12666-6,Article
"It Is Not About AI, It’s About Humans. Responsibility Gaps and Medical AI",Journal of Bioethical Inquiry,,,,10.1007/s11673-025-10423-w,A. Giubilini,2025,https://link.springer.com/article/10.1007/s11673-025-10423-w,Article
AI apology: a critical review of apology in AI systems,Artificial Intelligence Review,,,,10.1007/s10462-025-11305-8,Hadassah HarlandRichard DazeleyHashini SenaratnePeter VamplewFrancisco CruzBahareh Nakisa,2025,https://link.springer.com/article/10.1007/s10462-025-11305-8,Article
AI-C2C (conscious to conscience): a governance framework for ethical AI integration,AI and Ethics,,,,10.1007/s43681-025-00736-2,Thamburaj AnthuvanKajal Maheshwari,2025,https://link.springer.com/article/10.1007/s43681-025-00736-2,Article
AI-Savvy leadership for enhancing AI utilization and employee engagement among digital natives in the EdTech sector,Scientific Reports,,,,10.1038/s41598-025-29973-5,Majdi Anwar QuttainahPriyanka SadhnaArun AggarwalPratima DaipuriaBhavna BhardwajIshani Sharma,2025,https://link.springer.com/article/10.1038/s41598-025-29973-5,Article
What is the Creative Value of AI Hallucinations? Insights from Generative AI use in Educational Contexts,Information Systems Frontiers,,,,10.1007/s10796-026-10747-x,Jonny HolmströmNoel CarrollLeif Sundberg,2026,https://link.springer.com/article/10.1007/s10796-026-10747-x,Article
Extending the about–for–through tradition for AI-enabled entrepreneurship education: the AI-enabled entrepreneurial learning progression framework,Entrepreneurship Education,,,,10.1007/s41959-026-00184-x,Heather BellRobin Bell,2026,https://link.springer.com/article/10.1007/s41959-026-00184-x,Article
Bridging AI literacy and UTAUT constructs: structural equation modeling of AI adoption among Chinese university students,Humanities and Social Sciences Communications,,,,10.1057/s41599-025-05775-y,Ke QiGong YunhongKe Changping,2025,https://link.springer.com/article/10.1057/s41599-025-05775-y,Article
A high-accuracy classification model for AI-generated and AI-paraphrased texts,Cluster Computing,,,,10.1007/s10586-025-05664-8,Ayman OdehHaythem Bany SalamehGhaleb Elrefae,2025,https://link.springer.com/article/10.1007/s10586-025-05664-8,Article
Older adults’ conceptions of AI-supported learning: an epistemic network analysis based on AI-generated drawings,Smart Learning Environments,,,,10.1186/s40561-026-00443-3,Shu ZhaoCongxin WuZiqi WangMeizhao GuoXian Zhao,2026,https://link.springer.com/article/10.1186/s40561-026-00443-3,Article
AI Adoption in UAE Healthcare Supply Chains: AHP–Entropy Prioritization of AI Determinants and Domains,International Journal of Global Business and Competitiveness,,,,10.1007/s42943-026-00150-3,Sabiha MohammedSidra GhaniJagroop Singh,2026,https://link.springer.com/article/10.1007/s42943-026-00150-3,Article
"Framing AI, constructing identity: how institutional discourse shapes AI adoption and professional identity in project management",AI & SOCIETY,,,,10.1007/s00146-025-02836-3,Marc Benno BürgerMaja Due Kadenic,2026,https://link.springer.com/article/10.1007/s00146-025-02836-3,Article
"AI as a human complement in the labour market: comparing employees’ AI competence in finance, healthcare, and public services",Human-Intelligent Systems Integration,,,,10.1007/s42454-026-00095-1,Agnese LastovskaGatis LāmaHenrijs KalkisZenija RojaAgnese Rusakova,2026,https://link.springer.com/article/10.1007/s42454-026-00095-1,Article
Enacting Responsible AI: A Configurational Analysis of AI Principles in Practice,Information Systems Frontiers,,,,10.1007/s10796-025-10618-x,Pouria AkbarighatarIlias O. PappasSandeep PuraoPolyxeni Vassilakopoulou,2025,https://link.springer.com/article/10.1007/s10796-025-10618-x,Article
Effects of Explanations in Human-AI Interaction: A Systematic Review and Framework for Future Research on Explainable AI,Information Systems Frontiers,,,,10.1007/s10796-026-10716-4,Philipp ReinhardMahei Manhai LiChristoph PetersJan Marco Leimeister,2026,https://link.springer.com/article/10.1007/s10796-026-10716-4,Article
Ability of AI detection tools and humans to accurately identify different forms of AI-generated written content,Advances in Simulation,,,,10.1186/s41077-025-00396-6,Adam ChengYiqun LinGabriel ReedyChristine JosephSamantha WirkowskiViviane MalletteVikhashni NageshDavid KrieserAaron Calhoun,2025,https://link.springer.com/article/10.1186/s41077-025-00396-6,Article
Navigating onboarding in the artificial intelligence (AI) era: how augmentation-based AI usage shapes newcomers’ organizational socialization,Current Psychology,,,,10.1007/s12144-026-09628-y,Yunshuo LiuHe DingEnhai YuKeni Song,2026,https://link.springer.com/article/10.1007/s12144-026-09628-y,Article
Orchestrating human-AI hybrids: Agency formation and re-configuration through conversational AI agents in physical service environments,Electronic Markets,,,,10.1007/s12525-026-00900-4,Matthäus WilgaMohamed ZakiNina LugmairAngela Roth,2026,https://link.springer.com/article/10.1007/s12525-026-00900-4,Article
‘AI lost the prompt!’ Replacing ‘AI hallucination’ to distinguish between mere errors and irregularities,AI & SOCIETY,,,,10.1007/s00146-025-02757-1,José María ArisoPeter Bannister,2025,https://link.springer.com/article/10.1007/s00146-025-02757-1,Article
"AI knowledge, attitudes, perceptions, and willingness to use AI among oncologists in China: a nationwide cross-sectional study",BMC Medical Education,,,,10.1186/s12909-026-08951-z,Xiaomin XiongMingming XiaoHaixia LiuChunling JiangMing LiYongmei SongJing ZhouBo Xu,2026,https://link.springer.com/article/10.1186/s12909-026-08951-z,Article
Integrating an AI platform into clinical IT: BPMN processes for clinical AI model development,BMC Medical Informatics and Decision Making,,,,10.1186/s12911-025-03087-4,Kfeel ArshadSaman ArdalanBjörn SchreiweisBjörn Bergh,2025,https://link.springer.com/article/10.1186/s12911-025-03087-4,Article
Regulating transparency: a critique of the “free and open source AI” definition in the EU AI act,AI and Ethics,,,,10.1007/s43681-026-01177-1,Simona RamosFabio Pianese,2026,https://link.springer.com/article/10.1007/s43681-026-01177-1,Article
When industry meets Trustworthy AI: a systematic review of AI for Industry 5.0,AI and Ethics,,,,10.1007/s43681-026-01026-1,Eduardo VyhmeisterGabriel G. Castane,2026,https://link.springer.com/article/10.1007/s43681-026-01026-1,Article
"Mathematics teachers’ AI literacy, anxiety, and perceptions of AI integration in mathematics education: a mixed-methods study",BMC Psychology,,,,10.1186/s40359-025-03836-0,Çiğdem İnci Kuzu,2025,https://link.springer.com/article/10.1186/s40359-025-03836-0,Article
"AI content labeling and user engagement on social media: The role of AI level, content type, and disclosure timing",Electronic Markets,,,,10.1007/s12525-026-00883-2,Freya SeegerMichael WesselChristiane Lehrer,2026,https://link.springer.com/article/10.1007/s12525-026-00883-2,Article
AI vs. human: comparing learning experiences and performance through AI-generated and human-made instructional videos,Journal of Computers in Education,,,,10.1007/s40692-026-00394-1,Khaled BelkadhiNabil ChaabaneHend GhazzaiYassine Lamouchi,2026,https://link.springer.com/article/10.1007/s40692-026-00394-1,Article
Accessing AI mammography reports impacts patient follow-up behaviors: the unintended consequences of including AI in patient portals,npj Digital Medicine,,,,10.1038/s41746-025-02201-0,Elizabeth C. SongMichael H. BernsteinParker S. LayLeo DruartElizabeth H. DibbleAna P. LourencoGrayson L. Baird,2025,https://link.springer.com/article/10.1038/s41746-025-02201-0,Article
Seeing is believing: societal differences in AI awareness and the link to AI-related beliefs,AI & SOCIETY,,,,10.1007/s00146-025-02554-w,Sarah Vivienne BentleyDavid Evans,2025,https://link.springer.com/article/10.1007/s00146-025-02554-w,Article
When the AI author is not disclosed: how cognitive dispositions affect audience perceptions of AI-generated news across topics,Communication and Change,,,,10.1007/s44382-026-00023-6,Mingxiao Sui,2026,https://link.springer.com/article/10.1007/s44382-026-00023-6,Article
Preparing Students for an AI-Driven World: Generative AI and Curriculum Reform in Higher Education,Frontiers of Digital Education,,,,10.1007/s44366-025-0067-6,Ying MaYouxiang SuMingda LiYu ZhangWantong ChaiAmin HuangXiaofei Zhao,2025,https://link.springer.com/article/10.1007/s44366-025-0067-6,Article
From Reactive AI to Agentic Systems: A Review of Autonomous medical AI Agents in Healthcare,Archives of Computational Methods in Engineering,,,,10.1007/s11831-026-10655-y,Soud Asaad AlhazbaMaryam Hesham AliDeya’ Aldeen AlawiMohammed Azmi Al-BetarMohamed Abd Elaziz,2026,https://link.springer.com/article/10.1007/s11831-026-10655-y,Article
Ethical considerations in AI for child health and recommendations for child-centered medical AI,npj Digital Medicine,,,,10.1038/s41746-025-01541-1,Seo Yi ChngMark Jun Wen TernYung Seng LeeLionel Tim-Ee ChengJeevesh KapurJohan Gunnar ErikssonYap Seng ChongJulian Savulescu,2025,https://link.springer.com/article/10.1038/s41746-025-01541-1,Article
Let’s Talk about AI: Talking about AI is Positively Associated with AI Crafting,Asia Pacific Journal of Management,,,,10.1007/s10490-024-09975-z,Xiaowei DongLuyuan JiangWanlu LiChen ChenYuqing GanJingtian XiaXin Qin,2024,https://link.springer.com/article/10.1007/s10490-024-09975-z,Article
AI Chatbots in Oncology: A Comparative Study of Sider Fusion AI and Perplexity AI for Gastric Cancer Patients,Indian Journal of Surgical Oncology,,,,10.1007/s13193-024-02145-z,Amirhosein NaseriMohammad Hossein AntikchiMaedeh BarahmanAhmad Shirinzadeh-DastgiriSeyed Masoud HaghighiKianMohammad Vakili-OjaroodAmirhossein RahmaniAmirhossein ShahbaziAmirmasoud ShiriAli MasoudiMaryam AghasipourKazem AghiliHossein Neamatzadeh,2024,https://link.springer.com/article/10.1007/s13193-024-02145-z,Article
Explainable AI improves task performance in human–AI collaboration,Scientific Reports,,,,10.1038/s41598-024-82501-9,Julian SenonerSimon SchallmoserBernhard KratzwaldStefan FeuerriegelTorbjørn Netland,2024,https://link.springer.com/article/10.1038/s41598-024-82501-9,Article
A Social Disruptiveness-Based Approach to AI Governance: Complementing the Risk-Based Approach of the AI Act,Science and Engineering Ethics,,,,10.1007/s11948-025-00545-0,Samuela MarchioriJeroen K. G. HopsterAnna PuzioM. Birna van RiemsdijkSteven R. KraaijeveldBjörn LundgrenJuri ViehoffLily E. Frank,2025,https://link.springer.com/article/10.1007/s11948-025-00545-0,Article
"Empowering nurses in the AI era: investigating the interplay between professionalism, AI readiness, and self-efficacy",BMC Nursing,,,,10.1186/s12912-025-03896-y,Nariman Ahmed Mohamed El-BassalAhmed Abdelwahab Ibrahim El-SayedHeba Gamal Elgamal,2025,https://link.springer.com/article/10.1186/s12912-025-03896-y,Article
Advancing Trustworthy AI: A Comparative Evaluation of AI Robustness Toolboxes,SN Computer Science,,,,10.1007/s42979-025-03785-w,Avinash AgarwalManisha J. Nene,2025,https://link.springer.com/article/10.1007/s42979-025-03785-w,Article
"AI algorithm transparency, pipelines for trust not prisms: mitigating general negative attitudes and enhancing trust toward AI",Humanities and Social Sciences Communications,,,,10.1057/s41599-025-05116-z,Keonyoung ParkHo Young Yoon,2025,https://link.springer.com/article/10.1057/s41599-025-05116-z,Article
Generative AI as Cultural Artifact: Applying Anthropological Methods to AI Literacy,Postdigital Science and Education,,,,10.1007/s42438-025-00547-y,Jasper Roe,2025,https://link.springer.com/article/10.1007/s42438-025-00547-y,Article
AI-driven classrooms: building creative pedagogies through digital literacy and infrastructure empowerment an AI-TPACK approach,Universal Access in the Information Society,,,,10.1007/s10209-025-01302-7,Viral BhattMamta BrahmbhattMohammedShakil S. MalekRavi Rajai,2026,https://link.springer.com/article/10.1007/s10209-025-01302-7,Article
A Critique of Human-Centred AI: A Plea for a Feminist AI Framework (FAIF),AI & SOCIETY,,,,10.1007/s00146-025-02556-8,Tanja Kubes,2025,https://link.springer.com/article/10.1007/s00146-025-02556-8,Article
Refining AI perspectives: assessing the impact of ai curricular on medical students’ attitudes towards artificial intelligence,BMC Medical Education,,,,10.1186/s12909-025-07669-8,Li ZhengYu Xiao,2025,https://link.springer.com/article/10.1186/s12909-025-07669-8,Article
"Why AI proficiency matters: reframing AI assimilation, agility, and performance in women-led ventures",Discover Artificial Intelligence,,,,10.1007/s44163-026-01026-4,Faiza ImtyazMohammad Yameen,2026,https://link.springer.com/article/10.1007/s44163-026-01026-4,Article
ECN AI Baseline Index 2024: A Stable and Accessible AI Performance Indicator Across Difficulty Shifts,"Acta Universitatis Sapientiae, Informatica",,,,10.1007/s44427-026-00033-8,Zoltán KátaiDavid Iclanzan,2026,https://link.springer.com/article/10.1007/s44427-026-00033-8,Article
Exploring automation bias in human–AI collaboration: a review and implications for explainable AI,AI & SOCIETY,,,,10.1007/s00146-025-02422-7,Giuseppe RomeoDaniela Conti,2025,https://link.springer.com/article/10.1007/s00146-025-02422-7,Article
Enforcing and reforming the AI Act: on the importance of gender equality and non-discrimination in AI regulation,ERA Forum,,,,10.1007/s12027-026-00885-9,Fabian Lütz,2026,https://link.springer.com/article/10.1007/s12027-026-00885-9,Article
Ethics of AI in Africa: Interrogating the role of Ubuntu and AI governance initiatives,Ethics and Information Technology,,,,10.1007/s10676-025-09834-5,Kinfe Yilma,2025,https://link.springer.com/article/10.1007/s10676-025-09834-5,Article
Mapping out AI functions in intelligent disaster (mis)management and AI-caused disasters,AI & SOCIETY,,,,10.1007/s00146-025-02423-6,Yasser PouresmaeilSaleh AfrooghJunfeng Jiao,2025,https://link.springer.com/article/10.1007/s00146-025-02423-6,Article
Preventing AI extractivism: the case for braiding indigenous data justice with ABS for stronger AI data governance,AI & SOCIETY,,,,10.1007/s00146-026-02931-z,Maria SchulzJordan Loewen-Colón,2026,https://link.springer.com/article/10.1007/s00146-026-02931-z,Article
Precision oncology in the age of AI: lessons from AI-driven drug discovery and clinical translation,BJC Reports,,,,10.1038/s44276-026-00221-1,Wonbeak Yoo,2026,https://www.nature.com/articles/s44276-026-00221-1,Article
Does perceived risk of AI matter? Teachers’ AI literacy and institutional support: perspective from self-determination theory,Education and Information Technologies,,,,10.1007/s10639-025-13685-4,Tai-ming WutCarmen Ka-man SumHelen Shun-mun Wong,2025,https://link.springer.com/article/10.1007/s10639-025-13685-4,Article
AI in Academia: An In-Depth Analysis of the Impact of AI on Undergraduate Studies,Journal of Academic Ethics,,,,10.1007/s10805-025-09685-1,Mohammad AlawamlehRabab AlatoutWorud Awamleh,2025,https://link.springer.com/article/10.1007/s10805-025-09685-1,Article
With Great Power Comes Great Responsibility: What Shapes AI Literacy for Responsible Interactions of Knowledge Workers With AI?,Information Systems Frontiers,,,,10.1007/s10796-025-10648-5,Nina PasslackTeresa HammerschmidtOliver Posegga,2025,https://link.springer.com/article/10.1007/s10796-025-10648-5,Article
"When an AI “Agentforce” enters the workforce: generative AI, employment relations, and the changing social contract",Journal of Organization Design,,,,10.1007/s41469-025-00196-2,Melissa Valentine,2025,https://link.springer.com/article/10.1007/s41469-025-00196-2,Article
Convenience AI,Erkenntnis,,,,10.1007/s10670-026-01122-y,Sabina LeonelliAlexander Martin Mussgnug,2026,https://link.springer.com/article/10.1007/s10670-026-01122-y,Article
The promise and pitfalls of AI-generated negative feedback on learning willingness: the moderating role of AI reliability cues,Asia Pacific Journal of Management,,,,10.1007/s10490-025-10105-6,Rongyu ZhongYicheng ZhangShengming Liu,2026,https://link.springer.com/article/10.1007/s10490-025-10105-6,Article
"The dark side of AI transparency: investigating AI-induced anxiety, technostress, and consumer satisfaction through a hybrid SEM-ANN approach",BMC Psychology,,,,10.1186/s40359-026-04147-8,Weichen JiaAhmed  Muneeb MehtaChao HanMuhammad AsifMuhammad Farrukh Shahzad,2026,https://link.springer.com/article/10.1186/s40359-026-04147-8,Article
Effects of AI teammates on learning behavior in Human-AI collaboration environments: a perspective on self-regulated learning,Education and Information Technologies,,,,10.1007/s10639-025-13717-z,Fangcong ZhangJuanqiong GouKathy Ning SHENLuis M. Camarinha-MatosZhe Wang,2025,https://link.springer.com/article/10.1007/s10639-025-13717-z,Article
"AI-driven segmentation of outbound cultural tourists: clustering based on perceived benefits, concerns, engagement and trust toward AI cultural recommendations",Information Technology & Tourism,,,,10.1007/s40558-026-00382-2,Zhi ZhengXin Yu BieJong Min Kim,2026,https://link.springer.com/article/10.1007/s40558-026-00382-2,Article
AI interactivity and human-technology engagement: psychological mechanisms underlying learners’ intention to use AI tools in language learning contexts,BMC Psychology,,,,10.1186/s40359-026-04229-7,Chenming LyuShi TangShaopeng Li,2026,https://link.springer.com/article/10.1186/s40359-026-04229-7,Article
Religious ethics in the age of AI: a comparative study of faith-based approaches to AI governance,AI and Ethics,,,,10.1007/s43681-026-01156-6,Darren Winter,2026,https://link.springer.com/article/10.1007/s43681-026-01156-6,Article
The role of AI assets and capabilities in shaping responsible AI deepening: a random forest machine learning view,AI and Ethics,,,,10.1007/s43681-025-00802-9,Jacques Bughin,2025,https://link.springer.com/article/10.1007/s43681-025-00802-9,Article
Simplifying software compliance: AI technologies in drafting technical documentation for the AI Act,Empirical Software Engineering,,,,10.1007/s10664-025-10645-x,Francesco SovranoEmmie HineStefano AnzolutAlberto Bacchelli,2025,https://link.springer.com/article/10.1007/s10664-025-10645-x,Article
Emotionalized AI and the meaningfulness gap: an AI ethics perspective,AI & SOCIETY,,,,10.1007/s00146-025-02179-z,Masoud Toossi Saeidi,2025,https://link.springer.com/article/10.1007/s00146-025-02179-z,Article
Human vs. AI: Does AI learning assistant enhance students’ innovation behavior?,Education and Information Technologies,,,,10.1007/s10639-025-13474-z,Lijuan LuoJinmiao HuYujie ZhengChen Li,2025,https://link.springer.com/article/10.1007/s10639-025-13474-z,Article
Evolving AI Integration in Complex Medical Decision-Making and Multidisciplinary Transplant Care: A Systematic Review of Human-AI Collaboration,Current Transplantation Reports,,,,10.1007/s40472-026-00519-6,Rachel L. DzieranCihan H. DagliRobert J. Marley,2026,https://link.springer.com/article/10.1007/s40472-026-00519-6,Article
AI ethics through a decolonial lens: what does AI ethics look like if we take seriously the push to decolonise it?,AI & SOCIETY,,,,10.1007/s00146-026-02935-9,Selena NemorinBeatrice Bonami,2026,https://link.springer.com/article/10.1007/s00146-026-02935-9,Article
Development of an Artificial Intelligence Technology Pedagogical Content Knowledge (AI-TPACK) Scale for Human and AI Concurrently as Teachers,The Asia-Pacific Education Researcher,,,,10.1007/s40299-025-01045-2,Xin AnJiannan BaiYushun LiYing ZhouChing Sing ChaiJon-Chao Hong,2025,https://link.springer.com/article/10.1007/s40299-025-01045-2,Article
Improving Medical Assessment Validity with Generative AI: Lessons from Human–AI Interaction in Bloom’s Taxonomy Classification,Medical Science Educator,,,,10.1007/s40670-026-02719-2,Rocicleide de Lima LopesMarcos KubruslyJuliana Silva ArrudaArnaldo Aires Peixoto JuniorMarília Marques GuimarãesJosé Lima de Carvalho RochaHermano Alexandre Lima Rocha,2026,https://link.springer.com/article/10.1007/s40670-026-02719-2,Article
AI guidelines for companies,Zeitschrift für Arbeitswissenschaft,,,,10.1007/s41449-026-00524-6,Bianca Zickerick,2026,https://link.springer.com/article/10.1007/s41449-026-00524-6,Article
Explainable AI: definition and attributes of a good explanation for health AI,AI and Ethics,,,,10.1007/s43681-025-00668-x,Evangelia KyrimiScott McLachlanJared M. WohlgemutZane B. PerkinsDavid A. LagnadoWilliam MarshAlexander GimsonAli ShaftiAri ErcoleAmitava BanerjeeBen GlockerBurkhard SchaferConstantine GatsonisCrina GrosanDanielle SentDavid S. BermanDavid GlassDeclan P. O’ReganDimitrios LetsiosDylan MorrisseyErhan PisirirFrancesco LeofanteHamit SoyelJon WilliamsonKeri GriemanKudakwashe DubeMax MarsdenMyura NagendranNigel TaiOlga KostopoulouOwain JonesPaul CurzonRebecca S. StonerSankalp TandleShalmali JoshiSomayyeh MossadeghStefan BuijsmanTim MillerVince Istvan Madai,2025,https://link.springer.com/article/10.1007/s43681-025-00668-x,Article
“Can AI make Hitler cry?” exploring the use of AI in Holocaust education across four generations,AI and Ethics,,,,10.1007/s43681-025-00816-3,Aharona Rosenthal,2025,https://link.springer.com/article/10.1007/s43681-025-00816-3,Article
Addressing AI-related fears: the impact of technological social responsibility on employees’ attitudes towards AI integration at work,Review of Managerial Science,,,,10.1007/s11846-026-01037-6,Katarzyna Piwowar-SulejQaisar IqbalAndreas Kallmuenzer,2026,https://link.springer.com/article/10.1007/s11846-026-01037-6,Article
Focal points and blind spots of human-centered AI: AI risks in written online media,Humanities and Social Sciences Communications,,,,10.1057/s41599-025-04814-y,Marcell Sebestyén,2025,https://link.springer.com/article/10.1057/s41599-025-04814-y,Article
"Leveraging AI to Enhance Children’s Learning: Anchoring Policy and Practice in Equity, AI Literacy, and Ethics for Education Leaders and Teachers",Early Childhood Education Journal,,,,10.1007/s10643-025-02036-0,Jennifer J. ChenVictoria Delaney,2025,https://link.springer.com/article/10.1007/s10643-025-02036-0,Article
Shaping future sustainable cities with AI-powered urban informatics: Toward human-AI symbiosis,Computational Urban Science,,,,10.1007/s43762-025-00190-0,Yang YueGuanyu YanTian LanRui CaoQili GaoWenxiu GaoBo HuangGuan HuangZhengdong HuangZihan KanXiang LiDong LiuXintao LiuDing MaLili WangJizhe XiaXiaochun YangMeng ZhouAnthony Gar-On YehRenzhong GuoChristophe Claramunt,2025,https://link.springer.com/article/10.1007/s43762-025-00190-0,Article
Teaching AI with games: the impact of generative AI drawing on computational thinking skills,Education and Information Technologies,,,,10.1007/s10639-025-13624-3,Ting-Chia HsuTai-Ping Hsu,2025,https://link.springer.com/article/10.1007/s10639-025-13624-3,Article
"Reimagining AI in Latin America: situated narratives of users, developers, and decision-makers on understanding and governing AI",Communication and Change,,,,10.1007/s44382-025-00012-1,Teresa CorreaFrancisca LucoMónica HumeresDusan CotorasAlexandra DavidoffYelena Hernández-EstradaIñaki Oyarzún-MerinoClaudia López,2025,https://link.springer.com/article/10.1007/s44382-025-00012-1,Article
Integrated Learning with AI Enabled Interactions with Customers by Fashion Retailers,Corporate Reputation Review,,,,10.1057/s41299-025-00246-1,Mohamed Ai-ShafeiSuraksha GuptaMatthew M. ShinYe YanRui Liu,2025,https://link.springer.com/article/10.1057/s41299-025-00246-1,Article
How AI feedback supports lesson planning in vocational teacher education: a longitudinal intervention study using an analytical AI platform,Empirical Research in Vocational Education and Training,,,,10.1186/s40461-025-00202-7,Julia PargmannFlorian BerdingKarin RebmannElisabeth Riebenbauer,2025,https://link.springer.com/article/10.1186/s40461-025-00202-7,Article
"The Rise of AI Heterogeneity: A Framework, Propositions, and Research Agenda for Understanding Consumer Segment Differences in AI Adoption",Customer Needs and Solutions,,,,10.1007/s40547-026-00163-2,Huachao GaoShrihari Sridhar,2026,https://link.springer.com/article/10.1007/s40547-026-00163-2,Article
Towards sustainable AI: a comprehensive framework for Green AI,Discover Sustainability,,,,10.1007/s43621-024-00641-4,Abdulaziz TabbakhLisan Al AminMahbubul IslamG. M. Iqbal MahmudImranul Kabir ChowdhuryMd Saddam Hossain Mukta,2024,https://link.springer.com/article/10.1007/s43621-024-00641-4,Article
Teachers and AI: Understanding the factors influencing AI integration in K-12 education,Education and Information Technologies,,,,10.1007/s10639-025-13463-2,Ozan FilizMehmet Haldun KayaTufan Adiguzel,2025,https://link.springer.com/article/10.1007/s10639-025-13463-2,Article
"The impact of AI integration in project preparation in education course on pre-service teachers’ innovativeness, AI anxiety, attitudes, and acceptance",BMC Psychology,,,,10.1186/s40359-025-03647-3,Mustafa Sat,2025,https://link.springer.com/article/10.1186/s40359-025-03647-3,Article
Responsible Decision Making for AI in Healthcare: Exploring the Role of Ethics Consultants at the Intersection of Ethics and AI,HEC Forum,,,,10.1007/s10730-025-09567-4,Michael McCarthy,2025,https://link.springer.com/article/10.1007/s10730-025-09567-4,Article
"Overcoming AI ethics, towards AI realism",AI and Ethics,,,,10.1007/s43681-024-00552-0,Michele Murgia,2024,https://link.springer.com/article/10.1007/s43681-024-00552-0,Article
"Exploring students’ AI literacy and its effects on their AI output quality, self-efficacy, and academic performance",Smart Learning Environments,,,,10.1186/s40561-025-00384-3,Senad BećirovićEdda PolzIsabella Tinkel,2025,https://link.springer.com/article/10.1186/s40561-025-00384-3,Article
AI in Histopathology Explorer for comprehensive analysis of the evolving AI landscape in histopathology,npj Digital Medicine,,,,10.1038/s41746-025-01524-2,Yingrui MaShivprasad JamdadeLakshmi KonduriHeba Sailem,2025,https://link.springer.com/article/10.1038/s41746-025-01524-2,Article
Meta-Cognitive Competence and AI-Assisted Decision-Making: Revisiting the Role of Explainable AI and Uncertainty Quantification,Philosophy & Technology,,,,10.1007/s13347-025-00948-8,Reuben Sass,2025,https://link.springer.com/article/10.1007/s13347-025-00948-8,Article
AI metrics and policymaking: assumptions and challenges in the shaping of AI,AI & SOCIETY,,,,10.1007/s00146-025-02181-5,Konstantinos Sioumalas-ChristodoulouAristotle Tympas,2025,https://link.springer.com/article/10.1007/s00146-025-02181-5,Article
Artificial Intelligence (AI) Facts Labels: An Innovative Disclosure Tool Promoting Patient-Centric Transparency in Healthcare AI Systems,Journal of Medical Systems,,,,10.1007/s10916-025-02216-w,Katrina A. Bramstedt,2025,https://link.springer.com/article/10.1007/s10916-025-02216-w,Article
Developmentally aligned AI: a framework for translating the science of child development into AI design,"AI, Brain and Child",,,,10.1007/s44436-025-00009-z,Nomisha Kurian,2025,https://link.springer.com/article/10.1007/s44436-025-00009-z,Article
How AI literacy decreases job burnout among employees in new forms of employment in China? the roles of STARA awareness and organizational AI adoption,Current Psychology,,,,10.1007/s12144-026-09580-x,Zhaoyu FuXinyu LiangXiaochun Xie,2026,https://link.springer.com/article/10.1007/s12144-026-09580-x,Article
”My AI is Lying to Me”: User-reported LLM hallucinations in AI mobile apps reviews,Scientific Reports,,,,10.1038/s41598-025-15416-8,Rhodes MassenonIshaya GamboJaved Ali KhanChristopher AgbonkheseAyed Alwadain,2025,https://link.springer.com/article/10.1038/s41598-025-15416-8,Article
Islamic Ethics and AI: An Evaluation of Existing Approaches to AI using Trusteeship Ethics,Philosophy & Technology,,,,10.1007/s13347-025-00922-4,Fatima AliKarim BouzoubaaFrank GelliBoumediene HamziSuhair Khan,2025,https://link.springer.com/article/10.1007/s13347-025-00922-4,Article
"Assessing the Nexus Between AI Literacy, AI Anxiety, and Digital Leadership in Higher Education: a Configurational Analysis for Public Sector Institutions",Public Organization Review,,,,10.1007/s11115-025-00952-8,Saman JavedBahaudin G. Mujtaba,2025,https://link.springer.com/article/10.1007/s11115-025-00952-8,Article
Human strategic innovation against AI systems - analyzing how humans develop and implement novel strategies that exploit AI limitations,Discover Artificial Intelligence,,,,10.1007/s44163-025-00439-x,Abdullahi DattijoSungbae Jo,2025,https://link.springer.com/article/10.1007/s44163-025-00439-x,Article
IRIS-AI: An AI-Based Resource Recommender for Emergency Decision Support Systems of Fire Departments,International Journal of Computational Intelligence Systems,,,,10.1007/s44196-025-00994-2,Sergi MercadéMiquel TarzanDaniel AlzuetaKarla TrejoJosep EscrigSergi SerraRizkallah Touma,2025,https://link.springer.com/article/10.1007/s44196-025-00994-2,Article
Development of an artificial intelligence (AI) governance and ethics policy: first application for the introduction of AI systems at a German University Hospital,AI and Ethics,,,,10.1007/s43681-026-01103-5,Timo ApfelbacherSude E. KoçmanMaria ChristoforakiMartina BraunShura-Roman StumpMartin BoekerElmar KotterMatthias S. MayThomas GanslandtHans-Ulrich Prokosch,2026,https://link.springer.com/article/10.1007/s43681-026-01103-5,Article
AI literacy as metacommunicative agility: exploring users’ interpretive strategies in detecting and evaluating AI and human authorship,AI & SOCIETY,,,,10.1007/s00146-026-03125-3,Mark Friis HauJulie VulpiusSylvester Tønnesen,2026,https://link.springer.com/article/10.1007/s00146-026-03125-3,Article
Guiding AI in radiology: ESR’s recommendations for effective implementation of the European AI Act,Insights into Imaging,,,,10.1186/s13244-025-01905-x,Elmar KotterTugba Akinci D’AntonoliRenato CuocoloMonika HierathMerel HuismanMichail E. KlontzasLuis Martí-BonmatíMatthias Stefan MayEmanuele NeriKonstantin NikolaouDaniel Pinto dos SantosMaija RadzinaSusan Cheng ShelmerdineArianna Bellemo,2025,https://link.springer.com/article/10.1186/s13244-025-01905-x,Article
Ethically enslaving AI,AI and Ethics,,,,10.1007/s43681-026-01049-8,Izak Tait,2026,https://link.springer.com/article/10.1007/s43681-026-01049-8,Article
"Trust transfer from medical AI to doctors and hospitals: Integrating digital, AI, and scientific literacy in a cross-sectional framework",BMC Medical Ethics,,,,10.1186/s12910-025-01300-7,Jie YaoZhibo ZhouHuaqing CuiYujie OuyangWenhao Han,2025,https://link.springer.com/article/10.1186/s12910-025-01300-7,Article
Intraoperative navigation system for liver resection based on edge-AI and multimodal AI,Surgical Endoscopy,,,,10.1007/s00464-025-12021-8,Yudan MaYunneng WeiBingchu ShiAo LiangWeixiao LiangXiao LinYifei TaoMinghui ChenWeitao Man,2025,https://link.springer.com/article/10.1007/s00464-025-12021-8,Article
When AI explains in natural language: Unveiling the impact of generative AI explanations on educators’ grading and feedback practices,Education and Information Technologies,,,,10.1007/s10639-025-13741-z,Yuheng LiZirui ShanMladen RakovićQuanlong GuanDragan GaševićGuanliang Chen,2025,https://link.springer.com/article/10.1007/s10639-025-13741-z,Article
"Exploring the influence of moral development, religiosity, and AI self-efficacy on ethical AI use among university students in Ghana and Namibia",Discover Artificial Intelligence,,,,10.1007/s44163-025-00805-9,Eric MensahTekla AmutenyaErnest NyamekyeIsaac Obiri AmpemFrancis Owusu Sarfo,2026,https://link.springer.com/article/10.1007/s44163-025-00805-9,Article
AI gossip,Ethics and Information Technology,,,,10.1007/s10676-025-09871-0,Joel KruegerLucy Osler,2025,https://link.springer.com/article/10.1007/s10676-025-09871-0,Article
Transforming drug discovery with generative AI,Biopharma Dealmakers,,,,10.1038/d43747-025-00099-x,Variational AI,2025,https://www.nature.com/articles/d43747-025-00099-x,Article
"AI for glaucoma, Are we reporting well? a systematic literature review of DECIDE-AI checklist adherence",Eye,,,,10.1038/s41433-025-03678-5,Benedict Leonard-HawkheadBethany E. HigginsDavid WrightAugusto Azuara-Blanco,2025,https://link.springer.com/article/10.1038/s41433-025-03678-5,Article
The AI-mediated metamorphosis of contemporary educational landscape: a multi-modal investigation into the impact of AI-augmented learning on academic outcomes,BMC Medical Education,,,,10.1186/s12909-026-08740-8,Abdul SamiMunazza AsadHira MoinHania SyedMuhammad Ahsan Javed,2026,https://link.springer.com/article/10.1186/s12909-026-08740-8,Article
Trust and attitude towards AI as pathways to creativity: a TAM Model study of EFL students’ digital literacy and AI acceptance,Humanities and Social Sciences Communications,,,,10.1057/s41599-025-06362-x,Abdul Khalique KhosoWang HonggangMansoor Ali Darazi,2025,https://link.springer.com/article/10.1057/s41599-025-06362-x,Article
Cartesian AI,Synthese,,,,10.1007/s11229-026-05596-9,Giuseppe Pernagallo,2026,https://link.springer.com/article/10.1007/s11229-026-05596-9,Article
Factors influencing K–12 teachers’ intention to adopt AI tools in teaching: Extending TAM with AI tool competence and school support,Education and Information Technologies,,,,10.1007/s10639-026-14040-x,Feng-Chao Yang,2026,https://link.springer.com/article/10.1007/s10639-026-14040-x,Article
Elusive quality in the age of AI: extending the tendering gap model for public ICT and AI-driven systems,Software Quality Journal,,,,10.1007/s11219-026-09764-5,Aapo KoskiReetta KukkonenTommi Mikkonen,2026,https://link.springer.com/article/10.1007/s11219-026-09764-5,Article
"Attitudes Toward AI-powered Robots in Policing: AI Literacy, Organizational Justice, and Occupational Wellbeing Among Chinese Police Officers",Asian Journal of Criminology,,,,10.1007/s11417-025-09478-w,Yunan ChenYuning WuKai LinMarius HoggenmuellerQiuming ZhangYi-Syuan JianIvan Y. Sun,2025,https://link.springer.com/article/10.1007/s11417-025-09478-w,Article
AI for AI: Leveraging AI to Enable AI Opportunities in Germany’s Public Sector,Corporate Digital Responsibility,,,,10.1007/978-3-032-14793-6_13,Moritz Schirmer,2026,https://link.springer.com/chapter/10.1007/978-3-032-14793-6_13,Chapter
“It Can’t Be That Simple”: exploring Finnish non-experts’ conceptions of AI and whether these predict emotional orientation towards AI,AI & SOCIETY,,,,10.1007/s00146-025-02699-8,Joonas MerikkoLeo LeppänenLinda Mannila,2025,https://link.springer.com/article/10.1007/s00146-025-02699-8,Article
AI governance and ethical frameworks for public-sector AI decision systems: an institutional operationalisation model,AI and Ethics,,,,10.1007/s43681-026-01143-x,Adeyinka OlogunOgechi M. IkeakaonwuAbiodun F. IbidunmoyeGrace A. EneanoChijioke C. ChuwaLukman O. Kolawole,2026,https://link.springer.com/article/10.1007/s43681-026-01143-x,Article
Psychometric Properties of the English Version of the AI-Interaction Positivity Scale and Associations with Personality and Global AI Attitudes,Journal of Technology in Behavioral Science,,,,10.1007/s41347-025-00545-8,Christian MontagJon D. ElhaiKenneth L. Davis,2025,https://link.springer.com/article/10.1007/s41347-025-00545-8,Article
SAPER-AI accelerator: a systolic array-based power-efficient reconfigurable AI accelerator,Frontiers of Information Technology & Electronic Engineering,,,,10.1631/FITEE.2400867,Fahad Bin MuslimKashif InayatMuhammad Zain SiddiqiSafiullah KhanTayyeb MahmoodIhtesham ul Islam,2025,https://link.springer.com/article/10.1631/FITEE.2400867,Article
The AI-extended professional self: user-centric AI integration into professional practice with exemplars from healthcare,AI & SOCIETY,,,,10.1007/s00146-025-02319-5,Anna Schneider-KampAlessandro Godono,2025,https://link.springer.com/article/10.1007/s00146-025-02319-5,Article
Partnering with AI to derive and embed principles for ethically guided AI behavior,AI and Ethics,,,,10.1007/s43681-025-00656-1,Michael Anderson,2025,https://link.springer.com/article/10.1007/s43681-025-00656-1,Article
The ethics in sustainable AI: a scoping literature review on normativity in the academic discourse on the environmental sustainability of AI,AI & SOCIETY,,,,10.1007/s00146-026-02910-4,Olya KudinaNynke van UffelenLode LauwaertWim Landuyt,2026,https://link.springer.com/article/10.1007/s00146-026-02910-4,Article
Can AI–human conversations spark information seeking?: examining the effects of human–AI vicarious interactions about risk information,AI & SOCIETY,,,,10.1007/s00146-025-02712-0,Hongjie TangYunsong LiXinying TanLiang Chen,2025,https://link.springer.com/article/10.1007/s00146-025-02712-0,Article
Who’s driving the AI hype in its formative phase? A longitudinal analysis of stakeholders in the US and German AI discourse on Twitter 2012–2021,AI & SOCIETY,,,,10.1007/s00146-026-03079-6,Vanessa RichterDaria DergachevaVasilisa KuznetsovaChristian Katzenbach,2026,https://link.springer.com/article/10.1007/s00146-026-03079-6,Article
Technology as Uncharted Territory: Integrative AI Ethics as a Response to the Notion of AI as New Moral Ground,Philosophy & Technology,,,,10.1007/s13347-025-00938-w,Alexander Martin Mussgnug,2025,https://link.springer.com/article/10.1007/s13347-025-00938-w,Article
Beyond ‘Basic’ AI-Animal Alignment,Philosophy & Technology,,,,10.1007/s13347-026-01039-y,Simon CoghlanChristine Parker,2026,https://link.springer.com/article/10.1007/s13347-026-01039-y,Article
AI in Layman’s life,AI and Ethics,,,,10.1007/s43681-025-00946-8,Vatsal BhargavaArpita KarSonal GuptaChanchal YadavKhushboo SinghPushp Lata,2026,https://link.springer.com/article/10.1007/s43681-025-00946-8,Article
"Do chatbots dream of AI sheep? A semantic–pragmatic investigation of ""naturalness"" in human–AI interaction",AI & SOCIETY,,,,10.1007/s00146-025-02595-1,Iuliia LysovaLara AhmedBethan CunninghamYonghua HuangMartina Wiltschko,2025,https://link.springer.com/article/10.1007/s00146-025-02595-1,Article
"Unpacking the relationship between AI competences, intelligent ethical TPACK, and factors influencing AI adoption in pre-service teachers: A comprehensive model",Education and Information Technologies,,,,10.1007/s10639-025-13786-0,Verica Milutinović,2025,https://link.springer.com/article/10.1007/s10639-025-13786-0,Article
Artificial intelligence (AI) for social innovation in health education: promoting health literacy through personalized ai-driven learning tools – a systematic review,BMC Medical Education,,,,10.1186/s12909-025-08462-3,Dina Mansour TbaishatMaha Waleed Elfadel,2025,https://link.springer.com/article/10.1186/s12909-025-08462-3,Article
Explore factors affecting students’ acceptance of AI resurrection and ethical dilemmas in AI resurrection technology among Chinese college students: a cross-sectional study,BMC Psychology,,,,10.1186/s40359-026-04496-4,Nini ChengWeitao HuangMei  Sun,2026,https://link.springer.com/article/10.1186/s40359-026-04496-4,Article
AI Ethics in Generative AI,Engineering Ethics of AI by Design,,,,10.1007/978-981-95-2909-4_16,Muthu Ramachandran,2026,https://link.springer.com/chapter/10.1007/978-981-95-2909-4_16,Chapter
"Deciphering AI-chatbots utilization in clinical practice, research and education among Chinese medical students in generative AI era: a cross-sectional study",BMC Medical Education,,,,10.1186/s12909-026-09084-z,Wenyi GanYukang LiuAnqi LinBufu TangAimin JiangChang QiLingxuan ZhuWeiming MouDongqiang ZengMingjia XiaoGuangdi ChuZaoqu LiuJiarui XieQuan ChenYiyi ZhangPeng Luo,2026,https://link.springer.com/article/10.1186/s12909-026-09084-z,Article
Towards trustworthy AI in cultural heritage,npj Heritage Science,,,,10.1038/s40494-026-02403-z,Marina PaolantiEmanuele FrontoniRoberto Pierdicca,2026,https://www.nature.com/articles/s40494-026-02403-z,Article
Algorithmic sovereignty and democratic resilience: rethinking AI governance in the age of generative AI,AI and Ethics,,,,10.1007/s43681-025-00739-z,Wael Badawy,2025,https://link.springer.com/article/10.1007/s43681-025-00739-z,Article
Small data AI as a more sustainable next-wave AI? Exploring a potential sociotechnical shift away from the voracity of big data,AI & SOCIETY,,,,10.1007/s00146-025-02608-z,Elisa Orrù,2025,https://link.springer.com/article/10.1007/s00146-025-02608-z,Article
"Conversational, agentic AI-enhanced architectural design process: three approaches to multimodal AI-enhanced early-stage performative design exploration",Architectural Intelligence,,,,10.1007/s44223-025-00092-5,Lok Hang CheungLikai WangDongxue Lei,2025,https://link.springer.com/article/10.1007/s44223-025-00092-5,Article
Evaluation of AI diagnostic systems for breast ultrasound: comparative analysis with radiologists and the effect of AI assistance,Japanese Journal of Radiology,,,,10.1007/s11604-025-01809-2,Sayumi TsuyuzakiTomoyuki FujiokaEmi YamagaLeona KatsutaMio MoriYuka YashimaMayumi HaraArisa SatoIichiroh OnishiJitsuro TsukadaTomoyuki ArugaKazunori KubotaUkihide Tateishi,2025,https://link.springer.com/article/10.1007/s11604-025-01809-2,Article
<b>Knowledge of AI use and prediction of AI adoption among selected residents in the greater Kumasi area of Ghana</b>,Discover Artificial Intelligence,,,,10.1007/s44163-025-00558-5,Elvis Mwinsome SobiesuoAdabanka EdmondCharity Azumi IssakaSeth Christopher Yaw Appiah,2025,https://link.springer.com/article/10.1007/s44163-025-00558-5,Article
Em-t2i: ensemble AI model for text-to-image synthesis using meta AI and microsoft copilot,"Signal, Image and Video Processing",,,,10.1007/s11760-025-04133-4,Shagufta FaryadIjaz Ali ShoukatUbaid UllahJaved Ali KhanAyesha FaryadMuhammad Arslan Rauf,2025,https://link.springer.com/article/10.1007/s11760-025-04133-4,Article
Clinical obstacles to machine-learning POCUS adoption and system-wide AI implementation (The COMPASS-AI survey),The Ultrasound Journal,,,,10.1186/s13089-025-00436-2,Adrian WongNurul Liana RoslanRory McDonaldJulina NoorSam HutchingsPradeep D’CostaGabriele ViaFrancesco Corradi,2025,https://link.springer.com/article/10.1186/s13089-025-00436-2,Article
"An interdisciplinary account of the terminological choices by EU policymakers ahead of the final agreement on the AI Act: AI system, general purpose AI system, foundation model, and generative AI",Artificial Intelligence and Law,,,,10.1007/s10506-024-09412-y,David Fernández-LlorcaEmilia GómezIgnacio SánchezGabriele Mazzini,2024,https://link.springer.com/article/10.1007/s10506-024-09412-y,Article
"AI-transforming EFL learning: investigating the interplay of academic buoyancy, motivation, performance and AI readiness among Chinese college students",Humanities and Social Sciences Communications,,,,10.1057/s41599-026-06899-5,Xiaolan WenDan Jin,2026,https://link.springer.com/article/10.1057/s41599-026-06899-5,Article
Developing professional ethical guidance for healthcare AI use (PEG-AI): an attitudinal survey pilot,AI & SOCIETY,,,,10.1007/s00146-025-02276-z,Helen SmithJonathan Ives,2025,https://link.springer.com/article/10.1007/s00146-025-02276-z,Article
Diagnosing the impact of the EU AI Act on market access and pace of innovation of AI-enabled healthcare devices in the EU,AI & SOCIETY,,,,10.1007/s00146-026-02914-0,Edmund B. GrahamElif Nur Akcan,2026,https://link.springer.com/article/10.1007/s00146-026-02914-0,Article
Assessment of AI ethical reflection: the development and validation of the AI ethical reflection scale (AIERS) for university students,International Journal of Educational Technology in Higher Education,,,,10.1186/s41239-025-00519-z,Ziying WangChing-Sing ChaiJiajing LiVivian Wing Yan Lee,2025,https://link.springer.com/article/10.1186/s41239-025-00519-z,Article
"Europe’s AI future as a meta-sovereign imaginary: negotiating global norms, sovereign machines, and infrastructural futures through AI simulations",European Journal of Futures Research,,,,10.1186/s40309-025-00261-9,Denisa Reshef KeraOdelya NatanMerav TurgemanHila Ofek,2025,https://link.springer.com/article/10.1186/s40309-025-00261-9,Article
"Generative AI in healthcare: effect of explanations and the role of AI on trust, perceived privacy, and intent to use",BMC Digital Health,,,,10.1186/s44247-026-00275-8,Ruijie WangAlys LeggAlyssia JanszYuanchen XuLiming Chen,2026,https://link.springer.com/article/10.1186/s44247-026-00275-8,Article
IT mindfulness and AI literacy shape lifelong learning orientation through student engagement and learning agency in AI-enhanced online learning,Discover Education,,,,10.1007/s44217-026-01219-0,Thean Pheng LimWee Chuan Teh,2026,https://link.springer.com/article/10.1007/s44217-026-01219-0,Article
AI-assisted architectural design studio (AI-a-ADS): How artificial intelligence join the architectural design studio?,International Journal of Technology and Design Education,,,,10.1007/s10798-025-09975-0,Güliz ÖzorhonDilara Nitelik GelirliGülbin LekesizCan Müezzinoğlu,2025,https://link.springer.com/article/10.1007/s10798-025-09975-0,Article
Making It Possible for the Auditing of AI: A Systematic Review of AI Audits and AI Auditability,Information Systems Frontiers,,,,10.1007/s10796-024-10508-8,Yueqi LiSanjay Goel,2024,https://link.springer.com/article/10.1007/s10796-024-10508-8,Article
The ethics of analog AI,AI and Ethics,,,,10.1007/s43681-025-00884-5,Maximilian KienerJonas BozenhardGitta KutyniokSven Nyholm,2025,https://link.springer.com/article/10.1007/s43681-025-00884-5,Article
Is AI for illiterate farmers? A systematic literature review of AI and machine learning applications and challenges for precision agriculture,Discover Artificial Intelligence,,,,10.1007/s44163-025-00457-9,Azubuike ErikeCharles IkerionwuAugustine AzuboguVictory Obodoagwu,2025,https://link.springer.com/article/10.1007/s44163-025-00457-9,Article
AI in patient education: a comparative analysis of the quality and readability of AI generated patient education material on spinal fusion,European Spine Journal,,,,10.1007/s00586-025-09550-0,Aisling BrackenTessa RaffertyRobert BarrettEoin SheehanKhalid MerghaniIain Feeley,2025,https://link.springer.com/article/10.1007/s00586-025-09550-0,Article
From large language models to multimodal AI: a scoping review on the potential of generative AI in medicine,Biomedical Engineering Letters,,,,10.1007/s13534-025-00497-1,Lukas BuessMatthias KeicherNassir NavabAndreas MaierSoroosh Tayebi Arasteh,2025,https://link.springer.com/article/10.1007/s13534-025-00497-1,Article
AI-driven protein design,Nature Reviews Bioengineering,,,,10.1038/s44222-025-00349-8,Huan Yee KohYizhen ZhengMadeleine YangRohit AroraGeoffrey I. WebbShirui PanLi LiGeorge M. Church,2025,https://link.springer.com/article/10.1038/s44222-025-00349-8,Article
AI to Spot AI,Deceptive Intelligence,,,,10.1007/979-8-8688-2177-6_15,Sean Oriyano,2026,https://link.springer.com/chapter/10.1007/979-8-8688-2177-6_15,Chapter
Photonics for sustainable AI,Communications Physics,,,,10.1038/s42005-025-02300-0,Farbin FayzaCansu DemirkiranSatyavolu Papa RaoDarius BunandarUdit GuptaAjay Joshi,2025,https://link.springer.com/article/10.1038/s42005-025-02300-0,Article
AI deception and moral standing,Philosophical Studies,,,,10.1007/s11098-025-02465-y,Anton Skretta,2025,https://link.springer.com/article/10.1007/s11098-025-02465-y,Article
AI-induced never-skilling in medical education,Nature Medicine,,,,10.1038/s41591-026-04438-y,Yuhe KeLiyuan JinJasmine Chiat Ling OngArun J. ThirunavukarasuJosip CarCarol Y. CheungYih Chung ThamDaniel Shu Wei TingMarcus Eng Hock OngScott ComptonAditee NarayanPearse A. KeaneTien Yin WongDavid W. BatesPatrick TanNan Liu,2026,https://link.springer.com/article/10.1038/s41591-026-04438-y,Article
AI-powered solutions: innovating performance dynamics of psychopaths through AI assistants and self-efficacy,Current Psychology,,,,10.1007/s12144-025-07417-7,Sajida HafeezFaisal QadeerAlbert JohnAsif Iqbal,2025,https://link.springer.com/article/10.1007/s12144-025-07417-7,Article
Caging AI,Journal of Computer Science and Technology,,,,10.1007/s11390-024-5036-x,Ming Li,2025,https://link.springer.com/article/10.1007/s11390-024-5036-x,Article
AI welfare risks,Philosophical Studies,,,,10.1007/s11098-025-02343-7,Adrià Moret,2025,https://link.springer.com/article/10.1007/s11098-025-02343-7,Article
The AI Act and the MDR post-market requirements for semiautonomous AI SaMD: a radiology case study in prostate cancer,Abdominal Radiology,,,,10.1007/s00261-026-05434-z,Shakila ShojaeiDerya YakarNynke VellingaVilma BozgoThomas KweeHenkjan HuismanJeanne Pia Mifsud Bonnici,2026,https://link.springer.com/article/10.1007/s00261-026-05434-z,Article
AI-enabled scientific revolution in the age of generative AI: second NSF workshop report,npj Artificial Intelligence,,,,10.1038/s44387-025-00018-6,Anuj KarpatneAryan DeshwalXiaowei JiaWei DingMichael SteinbachAidong ZhangVipin Kumar,2025,https://www.nature.com/articles/s44387-025-00018-6,Article
"The Future of the Gambling Industry is AI: Insights from Expert Interviews on Human-AI Collaboration, Regulation, and Ethics",Journal of Gambling Studies,,,,10.1007/s10899-025-10422-x,Nasim BineshKalpana PonnadaAhmad Syah,2025,https://link.springer.com/article/10.1007/s10899-025-10422-x,Article
How does generative AI impact the platforms’ competition strategies? The effects of human-AI interaction and human feedback,Electronic Commerce Research,,,,10.1007/s10660-026-10105-8,Yudi ChenJing Wu,2026,https://link.springer.com/article/10.1007/s10660-026-10105-8,Article
AI as teacher: effectiveness of an AI-based training module to improve trainee pediatric fracture detection,Skeletal Radiology,,,,10.1007/s00256-025-04927-0,Sean O’RourkeSophia XuStephanie CarreroHarrison M. DrebinAriel FelmanAndrew KoAdam MisseldineSofia G. MouchtarisBrett MusialowiczTony T. WongJohn R. Zech,2025,https://link.springer.com/article/10.1007/s00256-025-04927-0,Article
Cultural analytics amid the rise of generative AI: critical insights for human-AI cocreative cultural studies,AI & SOCIETY,,,,10.1007/s00146-025-02489-2,Manh-Tung HoThu-Hang T. Vu,2025,https://link.springer.com/article/10.1007/s00146-025-02489-2,Article
"Responsible AI, ethics, and the AI lifecycle: how to consider the human influence?",AI and Ethics,,,,10.1007/s43681-025-00666-z,Miriam EliaPaula ZiethmannJulia KrummeKerstin Schlögl-FlierlBernhard Bauer,2025,https://link.springer.com/article/10.1007/s43681-025-00666-z,Article
Is AI the future of evaluation in medical education?? AI vs. human evaluation in objective structured clinical examination,BMC Medical Education,,,,10.1186/s12909-025-07241-4,Murat TekinMustafa Onur YurdalÇetin ToramanGüneş Korkmazİbrahim Uysal,2025,https://link.springer.com/article/10.1186/s12909-025-07241-4,Article
AI literacy and psychosocial factors shaping Chinese university students’ attitudes and behavioral intentions toward generative AI use,BMC Psychology,,,,10.1186/s40359-026-03989-6,Yinguang SunLu LiXiaoxuan ZhangXiaowen ChenShiyi DengXiaoling Hu,2026,https://link.springer.com/article/10.1186/s40359-026-03989-6,Article
AI for quality management: A review,ENGINEERING Management,,,,10.1007/s42524-026-5394-x,Yangyang HuangYu TanYuanyuan LiYongxiang LiKwok-Leung Tsui,2026,https://link.springer.com/article/10.1007/s42524-026-5394-x,Article
Hybrid AI-Based dynamic risk assessment framework with explainable AI practices for composite product cybersecurity certification,International Journal of Information Security,,,,10.1007/s10207-026-01218-0,Shareeful IslamBilal SardarEleni Maria KalogerakiKostas LampropoulosSpyridon Papastergiou,2026,https://link.springer.com/article/10.1007/s10207-026-01218-0,Article
"Generative AI adoption and employee outcomes: a conservation of resources perspective on job crafting, career commitment, and the moderating role of liking of AI",Humanities and Social Sciences Communications,,,,10.1057/s41599-025-05656-4,Yanyan LiuFan ShengRuyue Liu,2025,https://link.springer.com/article/10.1057/s41599-025-05656-4,Article
AI usage among medical students in Palestine: a cross-sectional study and demonstration of AI-assisted research workflows,BMC Medical Education,,,,10.1186/s12909-025-07272-x,Mahmoud YousefSalahaldeen DeebKhaled Alhashlamon,2025,https://link.springer.com/article/10.1186/s12909-025-07272-x,Article
AI washing: A conceptual exploration,AMS Review,,,,10.1007/s13162-025-00323-y,Samer ElhajjarOmar S. Itani,2025,https://link.springer.com/article/10.1007/s13162-025-00323-y,Article
"Stop Saying ""AI""",Philosophy & Technology,,,,10.1007/s13347-026-01114-4,Nathan Gabriel WoodScott RobbinsEduardo Zegarra BerodtAnton Graf von WesterholtMichelle BehrndtHauke BudigDaniel Kloock-Schreiber,2026,https://link.springer.com/article/10.1007/s13347-026-01114-4,Article
From synthetic faces to synthetic selves: AI-mediated identity proximity in AI-generated human images,AI & SOCIETY,,,,10.1007/s00146-026-02878-1,Minsung KangByeng-Hee ChangDoyeon Lee,2026,https://link.springer.com/article/10.1007/s00146-026-02878-1,Article
The Impact of Explainable AI on Teachers’ Trust and Acceptance of AI EdTech Recommendations: The Power of Domain-specific Explanations,International Journal of Artificial Intelligence in Education,,,,10.1007/s40593-025-00486-6,Yael Feldman-MaggorMutlu CukurovaCarmel KentGiora Alexandron,2025,https://link.springer.com/article/10.1007/s40593-025-00486-6,Article
A perspective for adapting generalist AI to specialized medical AI applications and their challenges,npj Digital Medicine,,,,10.1038/s41746-025-01789-7,Zifeng WangHanyin WangBenjamin DanekYing LiChristina MackLuk ArbuckleDevyani BiswalHoifung PoonYajuan WangPranav RajpurkarCao XiaoJimeng Sun,2025,https://link.springer.com/article/10.1038/s41746-025-01789-7,Article
AI safety for everyone,Nature Machine Intelligence,,,,10.1038/s42256-025-01020-y,Bálint GyevnárAtoosa Kasirzadeh,2025,https://link.springer.com/article/10.1038/s42256-025-01020-y,Article
"AI Methods for Implementation Science (AIM-IS): developing a framework, toolkit, and reporting standard for&#xa0;the responsible use of AI in implementation practice and research",Implementation Science,,,,10.1186/s13012-026-01503-5,Guillaume FontaineSusan MichieRinad S. BeidasElvin GengChristine FahimByron J. PowellVivian WelchJames ThomasJeffery ChanSamira Abbasgholizadeh-RahimiFrance LégaréJanna HastingsSylvie D. LambertJustin PresseauSharon E. StrausRuopeng AnAshrita SaranNatalie Taylor,2026,https://link.springer.com/article/10.1186/s13012-026-01503-5,Article
General Framework of AI Agents,Journal of Computer Science and Technology,,,,10.1007/s11390-025-5951-5,Hang Li,2026,https://link.springer.com/article/10.1007/s11390-025-5951-5,Article
Will AI replace me? The mechanism of employee AI challenge appraisal on Chinese employee career sustainability,International Communication of Chinese Culture,,,,10.1007/s40636-025-00320-7,Wei AnLili Hu,2025,https://link.springer.com/article/10.1007/s40636-025-00320-7,Article
AI in Performance Management: AI as a Tool for Instant Assessments and Feedback in the Flow of Employee Transactions,Public Organization Review,,,,10.1007/s11115-025-00934-w,Sakka Fadi,2026,https://link.springer.com/article/10.1007/s11115-025-00934-w,Article
The negativity crisis of AI ethics,Synthese,,,,10.1007/s11229-025-05378-9,Peter Königs,2025,https://link.springer.com/article/10.1007/s11229-025-05378-9,Article
Mediating effect of AI attitudes and AI literacy on the relationship between career self-efficacy and job-seeking anxiety,BMC Psychology,,,,10.1186/s40359-025-02757-2,Ruihua LiSha OuyangJianwei Lin,2025,https://link.springer.com/article/10.1186/s40359-025-02757-2,Article
"Physical AI: Evolution, Progress, Challenges, and Prospects",Journal of Computer Science and Technology,,,,10.1007/s11390-026-6258-x,En-Hua WuYou-Quan LiuTian-Chen XuLi-Xin RenYi-Ming QinMing-Yu WeiXiao-Wei HeDong-Yan YuanWen-Chao HouZhi-Wei MaBin Sheng,2026,https://link.springer.com/article/10.1007/s11390-026-6258-x,Article
Legal and ethical implications of AI-based crowd analysis: the AI Act and beyond,AI and Ethics,,,,10.1007/s43681-024-00644-x,Emmeke VeltmeijerCharlotte Gerritsen,2025,https://link.springer.com/article/10.1007/s43681-024-00644-x,Article
AI Ethics Guidelines: Time to Include Animals,Science and Engineering Ethics,,,,10.1007/s11948-025-00578-5,Simon CoghlanChristine ParkerReeva Lederman,2026,https://link.springer.com/article/10.1007/s11948-025-00578-5,Article
AI and automation in assisted reproduction,Nature Reviews Bioengineering,,,,10.1038/s44222-026-00454-2,Jennifer LorimerRobert McLachlanDeirdre Zander-FoxMoira K. O’BryanReza Nosrati,2026,https://link.springer.com/article/10.1038/s44222-026-00454-2,Article
"R-AI-diographers: a European survey on perceived impact of AI on professional identity, careers, and radiographers’ roles",Insights into Imaging,,,,10.1186/s13244-025-01918-6,Nikolaos StogiannosGemma WalshBenard Ohene-BotweKevin McHughBen PottsWinnie TamChris O’SullivanAnton Sheahan QuinstenChristopher GibsonRodrigo Garcia GorgaDavid SiposElona DybeliMoreno ZanardoCláudia Sá dos ReisNejc MekisCarst BuissinkAndrew EnglandCharlotte BeardmoreAltino CunhaAmanda GoodallJanice St John-MatthewsMark McEnteeYiannis KyratsisChristina Malamateniou,2025,https://link.springer.com/article/10.1186/s13244-025-01918-6,Article
Edge AI and Offline AI Models,AI-Enabled Apps with .NET MAUI,,,,10.1007/979-8-8688-1817-2_12,Codrina Merigo,2026,https://link.springer.com/chapter/10.1007/979-8-8688-1817-2_12,Chapter
"Harnessing Artificial Intelligence (AI) for a greener future: a review of AI advancements in green chemistry, chemical processes and sustainable materials",Applied Intelligence,,,,10.1007/s10489-026-07326-7,Ahmed ElkhatatShaheen A. Al-Muhtaseb,2026,https://link.springer.com/article/10.1007/s10489-026-07326-7,Article
Existentialists Wanted: Philosophy of AI Beyond Ethics,Philosophy & Technology,,,,10.1007/s13347-026-01113-5,Rosalie Waelen,2026,https://link.springer.com/article/10.1007/s13347-026-01113-5,Article
We need better images of AI and better conversations about AI,AI & SOCIETY,,,,10.1007/s00146-024-02101-z,Marc SteenTjerk TimanJurriaan Van DiggelenSteven Vethman,2024,https://link.springer.com/article/10.1007/s00146-024-02101-z,Article
Towards responsible generative AI in academia: a synthesis of AI policies on academic writing in the field of educational research,AI and Ethics,,,,10.1007/s43681-025-00794-6,Hsien-Yuan HsuAbeer HakouzGolnar Fotouhi,2025,https://link.springer.com/article/10.1007/s43681-025-00794-6,Article
Risk inventory and mitigation actions for AI in medical imaging—a qualitative study of implementing standalone AI for screening mammography,BMC Health Services Research,,,,10.1186/s12913-025-13176-9,Annika GerigoorianMaha KloubKarin DembrowerMats EngwallFredrik Strand,2025,https://link.springer.com/article/10.1186/s12913-025-13176-9,Article
The transparency pitfall for AI regulation,AI & SOCIETY,,,,10.1007/s00146-026-03128-0,Reuben Sass,2026,https://link.springer.com/article/10.1007/s00146-026-03128-0,Article
"A review on enhancing education with AI: exploring the potential of ChatGPT, Bard, and generative AI",Discover Education,,,,10.1007/s44217-025-00426-5,Anduamlak Abebe Fenta,2025,https://link.springer.com/article/10.1007/s44217-025-00426-5,Article
OsiriXGPT: An Innovative AI Co-pilot Plug-In for Seamless Deployment of Generative AI Models in Scan-to-Scan Reporting Workflows,Journal of Imaging Informatics in Medicine,,,,10.1007/s10278-025-01712-2,Antonio CanditoTimothy Sum-Hon MunRichard HolbreySimon DoranChristina MessiouDow-Mu KohMatthew D. Blackledge,2025,https://link.springer.com/article/10.1007/s10278-025-01712-2,Article
"AI, Normality, and Oppressive Things",Minds and Machines,,,,10.1007/s11023-026-09778-9,Ting-an LinLinus Ta-Lun Huang,2026,https://link.springer.com/article/10.1007/s11023-026-09778-9,Article
Mitigation of AI adoption bias through an improved autonomous AI system for diabetic retinal disease,npj Digital Medicine,,,,10.1038/s41746-024-01389-x,Michael D. AbràmoffPhilip T. LavinJulie R. JakubowskiBarbara A. BlodiMia KeeysCara JoyceJames C. Folk,2024,https://link.springer.com/article/10.1038/s41746-024-01389-x,Article
Neurodiverse AI,BioNanoScience,,,,10.1007/s12668-025-02028-9,Jordi VallverdúEvgeniia Alshanskaia,2025,https://link.springer.com/article/10.1007/s12668-025-02028-9,Article
AI-FEED: Prototyping an AI-Powered Platform for the Food Charity Ecosystem,International Journal of Computational Intelligence Systems,,,,10.1007/s44196-024-00656-9,Marcus SammerKijin SeongNorma OlveraSusie L. GronsethElizabeth Anderson-FletcherJunfeng JiaoAlison ReeseIoannis A. Kakadiaris,2024,https://link.springer.com/article/10.1007/s44196-024-00656-9,Article
Integrating Generative AI into Programming Education: Student Perceptions and the Challenge of Correcting AI Errors,International Journal of Artificial Intelligence in Education,,,,10.1007/s40593-025-00496-4,Dan Kohen-VacsMaya UsherMarc Jansen,2025,https://link.springer.com/article/10.1007/s40593-025-00496-4,Article
Development and effectiveness verification of AI education data sets based on constructivist learning principles for enhancing AI literacy,Scientific Reports,,,,10.1038/s41598-025-95802-4,Seul-Ki KimTae-Young KimKwihoon Kim,2025,https://link.springer.com/article/10.1038/s41598-025-95802-4,Article
"The role of explainable AI social assistants in digital socialization among older adults in China: impacts on social satisfaction, human–AI trust, and digital anxiety",Universal Access in the Information Society,,,,10.1007/s10209-026-01350-7,ShuYi WangBoHyeon YooHeSen Li,2026,https://link.springer.com/article/10.1007/s10209-026-01350-7,Article
Experts V/S AI´s 2.0: Comparative evaluation of AI models and expert consensus in obstructive sleep apnea assessment,European Archives of Oto-Rhino-Laryngology,,,,10.1007/s00405-025-09785-z,Giovanni CammarotoFelipe Ahumada MiraValentin FavierHeloisa dos Santos Sobreira NunesJoana Vaz de CastroFlorent CarsuzaaJerome R. LechienCarlos  Chiesa EstombaGiannicola IannellaLuigi Angelo VairaChristian Calvo-HenriquezRyan Chin Taw CheongPaula Martínez Ruiz de ApodacaMario LentiniMaria Rosaria BarillariAntonino Maniaci,2025,https://link.springer.com/article/10.1007/s00405-025-09785-z,Article
Informed consent for medical AI,AI & SOCIETY,,,,10.1007/s00146-026-02940-y,Mindy Nunez DuffourcRonan Cahill,2026,https://link.springer.com/article/10.1007/s00146-026-02940-y,Article
When AI-Based Agents Are Proactive: Implications for Competence and System Satisfaction in Human–AI Collaboration,Business & Information Systems Engineering,,,,10.1007/s12599-024-00918-y,Christopher DiebelMarc GoutierMartin AdamAlexander Benlian,2025,https://link.springer.com/article/10.1007/s12599-024-00918-y,Article
From IT artifact to AI artifact: an empirical study on the impact of IT identity on user adaptation to AI-driven technological change,Information Technology and Management,,,,10.1007/s10799-026-00500-w,Yonghong YangZhao PanQian Hu,2026,https://link.springer.com/article/10.1007/s10799-026-00500-w,Article
AI partner versus human partner: comparing AI-based peer assessment with human-generated peer assessment in examining writing skills,Language Testing in Asia,,,,10.1186/s40468-025-00375-8,Liqaa Habeb Al-ObaydiMarcel Pikhart,2025,https://link.springer.com/article/10.1186/s40468-025-00375-8,Article
Embarking the AI journey: insights from <i>ahedd</i> DIH on Greece’s (potential) AI adopters,Journal of Innovation and Entrepreneurship,,,,10.1186/s13731-025-00509-5,Denia KanellopoulouGeorge GiannakopoulosPeriklis Terlixidis,2025,https://link.springer.com/article/10.1186/s13731-025-00509-5,Article
Harmonizing artificial intelligence (AI) governance: A comparative analysis of Singapore and France’s AI policies and the influence of international organizations,Global Public Policy and Governance,,,,10.1007/s43508-025-00116-w,Haris Alibašić,2025,https://link.springer.com/article/10.1007/s43508-025-00116-w,Article
AI-assisted rational decision-making,Synthese,,,,10.1007/s11229-026-05528-7,Daniel Villiger,2026,https://link.springer.com/article/10.1007/s11229-026-05528-7,Article
"Can Generative AI Replace Search Engines for Learning? Understanding Student Preferences, Use and Perceived Proficiency in Using AI",TechTrends,,,,10.1007/s11528-025-01095-9,Rahul R. DivekarLisette GonzalezSophia GuerraNatasha BoosRitika Divekar,2025,https://link.springer.com/article/10.1007/s11528-025-01095-9,Article
Privacy and Human-AI Relationships,Philosophy & Technology,,,,10.1007/s13347-025-00978-2,Christopher RegisterMaryam Ali KhanAlberto GiubiliniBrian David EarpJulian Savulescu,2025,https://link.springer.com/article/10.1007/s13347-025-00978-2,Article
Artificial intelligence (AI) in pediatric sleep: AI vs. expert-generated psychotherapeutic pediatric sleep stories,Somnologie,,,,10.1007/s11818-024-00491-2,Angelika A. SchlarbJasmin Faber,2024,https://link.springer.com/article/10.1007/s11818-024-00491-2,Article
Rethinking Education Governance in the Age of AI,Frontiers of Digital Education,,,,10.1007/s44366-026-0085-z,Igor Pesek,2026,https://link.springer.com/article/10.1007/s44366-026-0085-z,Article
A question bank to assess inclusive AI,AI and Ethics,,,,10.1007/s43681-026-01068-5,Rifat Ara ShamsDidar ZowghiMuneera Bano,2026,https://link.springer.com/article/10.1007/s43681-026-01068-5,Article
Understanding Chinese first-year university students’ AI-mediated informal digital learning of English (AI-IDLE): Integrating the capital theory and the task-technology fit theory,Education and Information Technologies,,,,10.1007/s10639-025-13816-x,Qiong WangNi Yao,2025,https://link.springer.com/article/10.1007/s10639-025-13816-x,Article
AI Verification,Lecture Notes in Computer Science,,,,10.1007/978-3-031-99991-8,,2025,https://link.springer.com/book/10.1007/978-3-031-99991-8,Conference proceedings
"Charting the AI perception gap: divergent views on risk, benefit, and value between experts and the public challenge the societal acceptance of AI",AI & SOCIETY,,,,10.1007/s00146-026-03023-8,Philipp BraunerFelix GlaweGian Luca LiehnerLuisa VervierMartina Ziefle,2026,https://link.springer.com/article/10.1007/s00146-026-03023-8,Article
Operationalizing responsible AI principles through responsible AI capabilities,AI and Ethics,,,,10.1007/s43681-024-00524-4,Pouria Akbarighatar,2024,https://link.springer.com/article/10.1007/s43681-024-00524-4,Article
Multi-agent AI,Electronic Markets,,,,10.1007/s12525-025-00862-z,Simeon AllmendingerLukas BonenbergerKathrin EndresDominik FetzerHenner GimpelNiklas Kühl,2026,https://link.springer.com/article/10.1007/s12525-025-00862-z,Article
Decision Ownership and Deference to Healthcare AI,Journal of Bioethical Inquiry,,,,10.1007/s11673-025-10518-4,Emily Slome,2026,https://link.springer.com/article/10.1007/s11673-025-10518-4,Article
AI and the democratization of knowledge work,Nature Computational Science,,,,10.1038/s43588-026-00985-z,Madeleine I. G. DaeppKiran TomlinsonScott CountsSiddharth Suri,2026,https://link.springer.com/article/10.1038/s43588-026-00985-z,Article
To engage with AI or not: learning engagement among rural junior high school students in an AI-powered adaptive learning environment,Humanities and Social Sciences Communications,,,,10.1057/s41599-025-05676-0,Jining HanGeping LiuShu Xiang,2025,https://link.springer.com/article/10.1057/s41599-025-05676-0,Article
Inequity aversion toward AI counterparts,Scientific Reports,,,,10.1038/s41598-025-22673-0,Debanjan BorthakurPeter DiepJason E. Plaks,2025,https://link.springer.com/article/10.1038/s41598-025-22673-0,Article
AI through the looking glass: an empirical study of structural social and ethical challenges in AI,AI & SOCIETY,,,,10.1007/s00146-024-02146-0,Mark RyanNina de RooHao WangVincent BlokCan Atik,2024,https://link.springer.com/article/10.1007/s00146-024-02146-0,Article
How Social Should AI Be?,Erkenntnis,,,,10.1007/s10670-025-01005-8,Björn Lundgren,2025,https://link.springer.com/article/10.1007/s10670-025-01005-8,Article
Human vs. AI: What makes students prefer to self-disclosure to AI teaching assistant? The effect of psychological safety and relationship norms,Education and Information Technologies,,,,10.1007/s10639-025-13586-6,Ziqing PengYan Wan,2025,https://link.springer.com/article/10.1007/s10639-025-13586-6,Article
Teachers’ artificial intelligence (AI) literacy: an exploratory study,Smart Learning Environments,,,,10.1186/s40561-026-00433-5,Mor DeshenRuben HarariNoa Aharony,2026,https://link.springer.com/article/10.1186/s40561-026-00433-5,Article
The importance of clinical experience in AI-assisted corneal diagnosis: verification using intentional AI misleading,Scientific Reports,,,,10.1038/s41598-025-85827-0,Hiroki MaeharaYuta UenoTakefumi YamaguchiYoshiyuki KitaguchiDai MiyazakiRyohei NejimaTakenori InomataNaoko KatoTai-ichiro ChikamaJun OminatoTatsuya YunokiKinya TsubotaMasahiro OdaManabu SuzutaniTetsuju SekiryuTetsuro Oshika,2025,https://link.springer.com/article/10.1038/s41598-025-85827-0,Article
The landscape of AI implementation in US hospitals,Nature Health,,,,10.1038/s44360-025-00016-7,Yeon-Mi HwangMadelena Y. NgMalvika PillaiMichelle P. SahaiTina Hernandez-Boussard,2026,https://link.springer.com/article/10.1038/s44360-025-00016-7,Article
AI-Supported Reading Mentorship,International Journal of Artificial Intelligence in Education,,,,10.1007/s40593-025-00499-1,Chang-Yen Liao,2025,https://link.springer.com/article/10.1007/s40593-025-00499-1,Article
Characterizing the spiral: potential mechanisms in AI-associated delusions,NPP—Digital Psychiatry and Neuroscience,,,,10.1038/s44277-026-00065-0,Marc AugustinThomas A. PollakHamilton Morrin,2026,https://www.nature.com/articles/s44277-026-00065-0,Article
Decoloniality impact assessment for AI,AI & SOCIETY,,,,10.1007/s00146-025-02649-4,Damian EkeRicardo ChavarriagaBernd Stahl,2025,https://link.springer.com/article/10.1007/s00146-025-02649-4,Article
How AI social responsibility shapes consumers’ brand advocacy,Humanities and Social Sciences Communications,,,,10.1057/s41599-025-06344-z,Pengyi ShenDehui PengAonan ZhuJinan Xu,2025,https://link.springer.com/article/10.1057/s41599-025-06344-z,Article
AI-PACE: a framework for integrating AI into medical education,npj Digital Medicine,,,,10.1038/s41746-026-02768-2,Scott P. McGrathKatherine K. KimKarnjit JohlHaibo WangNick Anderson,2026,https://link.springer.com/article/10.1038/s41746-026-02768-2,Article
"Generative AI and misinformation: a scoping review of the role of generative AI in the generation, detection, mitigation, and impact of misinformation",AI & SOCIETY,,,,10.1007/s00146-025-02620-3,Seyeon ParkXiaoli Nan,2025,https://link.springer.com/article/10.1007/s00146-025-02620-3,Article
Opportunities for AI-based Model-informed Drug Development: A Comparative Analysis of NONMEM and AI-based Models for Population Pharmacokinetic Prediction,The AAPS Journal,,,,10.1208/s12248-025-01121-x,Bingyu MaoYue GaoChristine XuSreeraj MachaShuai ShaoMalidi Ahamadi,2025,https://link.springer.com/article/10.1208/s12248-025-01121-x,Article
AI data centres as grid-interactive assets,Nature Energy,,,,10.1038/s41560-025-01927-1,Philip ColangeloAyse K. CoskunJack MegrueCiaran RobertsShayan SenguptaVarun SivaramEthan TiaoAroon VijaykarChris WilliamsDaniel C. WilsonBrandon RecordsZack MacFarlandDaniel DreilingNathan MoreyAnuja RatnayakeBaskar Vairamohan,2025,https://link.springer.com/article/10.1038/s41560-025-01927-1,Article
Public reactions to hospitals after adverse events involving AI,npj Digital Public Health,,,,10.1038/s44482-026-00021-x,Jungmin ChoiYeun Joon KimPengzhao LyuYingyue Luna LuanSoo Min Toh,2026,https://www.nature.com/articles/s44482-026-00021-x,Article
The Era of AI: Development of Artificial Intelligence (AI) and its Effect on Advancing Banks Profitability: The Role of Financial Stability as Moderating Variable in Egyptian Banks,Journal of the Knowledge Economy,,,,10.1007/s13132-026-03268-0,Mona Ali KhalilMohamed Abdelraouf,2026,https://link.springer.com/article/10.1007/s13132-026-03268-0,Article
Developing an ethical framework for intelligence-AI,AI and Ethics,,,,10.1007/s43681-026-01076-5,Ross Bellaby,2026,https://link.springer.com/article/10.1007/s43681-026-01076-5,Article
AI-assisted radiographic identification of original vs. replica dental implants: comparing accuracy of human experts vs. probabilistic and deterministic AI,International Journal of Implant Dentistry,,,,10.1186/s40729-025-00662-2,Mark K. BremerMaximilian BlumeSamir Abou-AyashMuhammad Naseer BajwaSheraz AhmedJochen HardtKatja PetrowskiMonika Bjelopavlovic,2025,https://link.springer.com/article/10.1186/s40729-025-00662-2,Article
Using AI to Care: Lessons Learned from Leveraging Generative AI for Personalized Affective-Motivational Feedback,International Journal of Artificial Intelligence in Education,,,,10.1007/s40593-024-00455-5,Gahyun SungLéonore  GuillainBertrand Schneider,2025,https://link.springer.com/article/10.1007/s40593-024-00455-5,Article
The AI Act: Europe’s Law on AI,Managing and Understanding Artificial Intelligence: From Classical to Generative AI,,,,10.1007/978-3-032-00533-5_20,Thomas SchmidWolfgang HildesheimTaras Holoyad,2026,https://link.springer.com/chapter/10.1007/978-3-032-00533-5_20,Chapter
Integrating 3D Bioprinting and AI in Healthcare,Current Stem Cell Reports,,,,10.1007/s40778-026-00253-w,Eva MuellerSalil DesaiMartha Shauck LundbergSita SomaraCarlos KenglaJames SchmidtKunal Mitra,2026,https://link.springer.com/article/10.1007/s40778-026-00253-w,Article
The relationship between teachers’ GAI use and students’ social-emotional competence: the chain-mediating roles of teachers’ AI literacy and AI self-efficacy,BMC Psychology,,,,10.1186/s40359-026-04484-8,Jinrun XuMaodong TianFangfang PengDianshun HuMenglu Liu,2026,https://link.springer.com/article/10.1186/s40359-026-04484-8,Article
Cost-effectiveness analysis of human–AI collaboration in disease screening,Nature Health,,,,10.1038/s44360-026-00142-w,Yueye WangXiaotong HanWenyi HuKeyao ZhouChi LiuJian ZhangLisa Zhuoting ZhuSanil JosephQiuxia YinLixia LuoMingguang HeLei Zhang,2026,https://link.springer.com/article/10.1038/s44360-026-00142-w,Article
Examining trust and agency in emotionalized AI through a 4E and biosemiotic lens: a case study of AI companionship in Japan,AI & SOCIETY,,,,10.1007/s00146-025-02694-z,Peter MantelloDouglas PontonAlin Olteanu,2025,https://link.springer.com/article/10.1007/s00146-025-02694-z,Article
"AI Flow: perspectives, scenarios, and approaches",Vicinagearth,,,,10.1007/s44336-025-00031-y,Hongjun AnWenhan HuSida HuangSiqi HuangRuanjun LiYuanzhi LiangJiawei ShaoYiliang SongZihan WangCheng YuanChi ZhangHongyuan ZhangWenhao ZhuangXuelong Li,2026,https://link.springer.com/article/10.1007/s44336-025-00031-y,Article
"Unlocking the Secrets of AI in Education: How AI-Enhanced Learning Environments Shape Teacher Stress, Burnout, Job Satisfaction, and Well-Being – A Hidden Markov Model Approach",The Asia-Pacific Education Researcher,,,,10.1007/s40299-026-01084-3,Xinyu LiuYijia Liu,2026,https://link.springer.com/article/10.1007/s40299-026-01084-3,Article
AI for building energy modeling: A transformation,Building Simulation,,,,10.1007/s12273-025-1329-4,Tianzhen HongLiang Zhang,2025,https://link.springer.com/article/10.1007/s12273-025-1329-4,Article
N(AI)ls Disorders and AI,Artificial Intelligence Applications in Dermatology,,,,10.1007/978-3-032-15614-3_18,Ioanna TriantafillopoulouMyrto-Maria Papadopoulou,2026,https://link.springer.com/chapter/10.1007/978-3-032-15614-3_18,Chapter
Designing meaningful human oversight in AI,AI and Ethics,,,,10.1007/s43681-026-01147-7,Liming ZhuQinghua LuMing DingSung Une LeeChen Wang,2026,https://link.springer.com/article/10.1007/s43681-026-01147-7,Article
The Right to Restrict AI Training,Philosophy & Technology,,,,10.1007/s13347-025-01032-x,James H. McIntyre,2026,https://link.springer.com/article/10.1007/s13347-025-01032-x,Article
AI Security,Cognitive Technologies,,,,9783032281050,Petar Radanliev,2026,https://link.springer.com/book/9783032281050,Book
Against Personalized AI Moral Advisors: Commentary on ‘Can AI Rely on the Systematicity of Truth?’ by Matthieu Queloz,Philosophy & Technology,,,,10.1007/s13347-025-00872-x,Muriel Leuenberger,2025,https://link.springer.com/article/10.1007/s13347-025-00872-x,Article
Multi-agent embodied AI: advances and future directions,Science China Information Sciences,,,,10.1007/s11432-025-4820-4,Zhaohan FengRuiqi XueLei YuanYang YuNing DingMeiqin LiuBingzhao GaoJian SunXinhu ZhengGang Wang,2026,https://link.springer.com/article/10.1007/s11432-025-4820-4,Article
E-leadership in the AI era: Exploring Vietnamese EFL teachers' digital leadership development in AI integration,Education and Information Technologies,,,,10.1007/s10639-025-13451-6,Nguyen Huu Hoang,2025,https://link.springer.com/article/10.1007/s10639-025-13451-6,Article
Bridging human-AI collaboration in healthcare: a systematic review of explainable AI applications,Discover Applied Sciences,,,,10.1007/s42452-025-08176-7,Rita RoyMadapadi Bharathi RaniDereje Fedasa HordofaSubhodeep Mukherjee,2025,https://link.springer.com/article/10.1007/s42452-025-08176-7,Article
Artificial intelligent AI-assisted based back-propagation Levenberg–Marquardt scheme (AI-BLMS) for micropolar hybrid nanofluid flow over a curved sheet,Journal of Thermal Analysis and Calorimetry,,,,10.1007/s10973-026-15298-6,ZeeshanWaris KhanMohamed KallelSalman SaleemAfnan Al AghaHakim AL Garalleh,2026,https://link.springer.com/article/10.1007/s10973-026-15298-6,Article
"AI, Trust and Reliability",Philosophy & Technology,,,,10.1007/s13347-025-00924-2,Ian Robertson,2025,https://link.springer.com/article/10.1007/s13347-025-00924-2,Article
Ethical AI cannot be fostered in a vacuum: why AI ethics research needs industry involvement,Discover Artificial Intelligence,,,,10.1007/s44163-024-00182-9,Ahmet Küçükuncular,2024,https://link.springer.com/article/10.1007/s44163-024-00182-9,Article
Explainable AI in nuclear medicine,European Journal of Nuclear Medicine and Molecular Imaging,,,,10.1007/s00259-025-07675-4,Sune HolmDaria FerraraMiriam PepponiElisabetta AbenavoliArmin FrilleShaul DukeStefan GrünertMarcus HackerBengt HennigSwen HesseLukas HofmannThomas B. LundOsama SabriPeter SandøeRoberto SciagràLalith Kumar Shiyam SundarJosef YuThomas Beyer,2025,https://link.springer.com/article/10.1007/s00259-025-07675-4,Article
Ethical Behavior Analysis in the Age of Artificial Intelligence (AI): The Importance of Understanding Model Building while Formal AI Literacy Curricula are Developed,Perspectives on Behavior Science,,,,10.1007/s40614-025-00459-z,David J. Cox,2025,https://link.springer.com/article/10.1007/s40614-025-00459-z,Article
The development and validation of the AI-supported self-regulated science and mathematics learning scale (AI-SSRSML) among secondary school students in Saudi Arabia,BMC Psychology,,,,10.1186/s40359-025-03764-z,Ataallh Aodh AlatoaiAli Saleh Alshahri,2025,https://link.springer.com/article/10.1186/s40359-025-03764-z,Article
AI-Anwendungen,Rechtssicherer AI-Einsatz im Unternehmen,,,,10.1007/978-3-658-49945-7_3,Martin Franz,2026,https://link.springer.com/chapter/10.1007/978-3-658-49945-7_3,Chapter
Understanding the influence of AI autonomy on AI explainability levels in human-AI teams using a mixed methods approach,"Cognition, Technology & Work",,,,10.1007/s10111-024-00765-7,Allyson I. HauptmanBeau G. SchelbleWen DuanChristopher FlathmannNathan J. McNeese,2024,https://link.springer.com/article/10.1007/s10111-024-00765-7,Article
Agentic AI Architecture for Multi-Criteria Decision-Making: A Collaborative Human-AI Framework,Group Decision and Negotiation,,,,10.1007/s10726-026-10004-1,Rui FerreiraMarco AraújoAnabela TeresoPaulo Novais,2026,https://link.springer.com/article/10.1007/s10726-026-10004-1,Article
AI Pluralism,,,,,10.1007/978-3-032-06558-2,,2026,https://link.springer.com/book/10.1007/978-3-032-06558-2,Book
AI Components,Artificial Intelligence in Public Health,,,,10.1007/978-3-032-15872-7_2,Min Wu,2026,https://link.springer.com/chapter/10.1007/978-3-032-15872-7_2,Chapter
Device First Continuum AI (DFC-AI): Realizing Human-Like AI,"Proceedings of the Future Technologies Conference (FTC) 2025, Volume 2",,,,10.1007/978-3-032-07989-3_31,Siavash M. AlamoutiFay ArjomandiMichel BurgerHüseyin Gün,2026,https://link.springer.com/chapter/10.1007/978-3-032-07989-3_31,Conference paper
Improving structural heart disease screening: AI-ECG and novice AI-guided focused cardiac ultrasound,npj Digital Medicine,,,,10.1038/s41746-026-02856-3,Méabh M. KillaleaJordan BorgesonConor J. KaneJude KovacChristie GreasonMayari A. GulatiDaniel A. SchonfeldMaria M. CrestanelloJessica ZacherGal TsabanEunjung LeeJeffrey G. MalinsJwan A. NaserTimothy J. PoteruchaPaul A. FriedmanFrancisco Lopez-JimenezGarvan C. KaneZachi I. AttiaJeremy J. ThadenSorin V. PislaruJared G. Bird,2026,https://link.springer.com/article/10.1038/s41746-026-02856-3,Article
Generative AI,Guide to Using Generative AI in Programming,,,,10.1007/978-3-032-07453-9_3,Antti Laaksonen,2026,https://link.springer.com/chapter/10.1007/978-3-032-07453-9_3,Chapter
"AI for AI, not AI for science?",AI & SOCIETY,,,,10.1007/s00146-025-02687-y,Shuo Wang,2025,https://link.springer.com/article/10.1007/s00146-025-02687-y,Article
"Fading skills, rising doubts – what fuels tourists’ skepticism toward AI?",Information Technology & Tourism,,,,10.1007/s40558-026-00370-6,Márk MiskolcziMelinda JászberényiKrisztina KellerMonica Fabiola Coronel PadillaLívia Pintér SzabónéLászló Kökény,2026,https://link.springer.com/article/10.1007/s40558-026-00370-6,Article
The impact of advanced AI systems on democracy,Nature Human Behaviour,,,,10.1038/s41562-025-02309-z,Christopher SummerfieldLisa P. ArgyleMichiel BakkerTeddy CollinsEsin DurmusTyna EloundouIason GabrielDeep GanguliKobi HackenburgGillian K. HadfieldLuke HewittSaffron HuangHélène LandemoreNahema MarchalAviv OvadyaAriel ProcacciaMathias RisseBruce SchneierElizabeth SegerDivya SiddarthHenrik Skaug SætraMichael Henry TesslerMatthew Botvinick,2025,https://link.springer.com/article/10.1038/s41562-025-02309-z,Article
"AI systems should be trustworthy, not trusted",AI & SOCIETY,,,,10.1007/s00146-025-02728-6,Giacomo Zanotti,2025,https://link.springer.com/article/10.1007/s00146-025-02728-6,Article
Integrating AI into clinical education: evaluating general practice trainees’ proficiency in distinguishing AI-generated hallucinations and impacting factors,BMC Medical Education,,,,10.1186/s12909-025-06916-2,Jiacheng ZhouJintao ZhangRongrong WanXiaochuan CuiQiyu LiuHua GuoXiaofen ShiBingbing FuJia MengBo YueYunyun ZhangZhiyong Zhang,2025,https://link.springer.com/article/10.1186/s12909-025-06916-2,Article
Integrating Catholic Social Teaching with AI Ethics to Address Inequity in AI Healthcare,Journal of Religion and Health,,,,10.1007/s10943-024-02140-2,Ivan Efreaim A. GozumChastene Christopher D. Flake,2024,https://link.springer.com/article/10.1007/s10943-024-02140-2,Article
Ethical Considerations with AI and AI Applications,AI-Enabled Apps with .NET MAUI,,,,10.1007/979-8-8688-1817-2_13,Codrina Merigo,2026,https://link.springer.com/chapter/10.1007/979-8-8688-1817-2_13,Chapter
TPACK-based professional development for the AI era: fostering pre-service teachers’ acceptance of generative AI in mathematics classrooms,Journal of Mathematics Teacher Education,,,,10.1007/s10857-026-09747-0,Shristi ShresthaJiyeong Yi,2026,https://link.springer.com/article/10.1007/s10857-026-09747-0,Article
Patho-AI: A Perceptive Breast Cancer Identification and Classification Using Deep Learning Methods Integrated with Explainable AI,SN Computer Science,,,,10.1007/s42979-025-04170-3,Saket Kumar SinghK. Sridhar Patnaik,2025,https://link.springer.com/article/10.1007/s42979-025-04170-3,Article
AI and Common Goods: An Uneasy Relationship,Topoi,,,,10.1007/s11245-026-10404-7,Avigail Ferdman,2026,https://link.springer.com/article/10.1007/s11245-026-10404-7,Article
HEC: Heterogeneity-Enriched Communication for AI Symphony,Journal of Computer Science and Technology,,,,10.1007/s11390-026-6076-1,Xiaoyi Lu,2026,https://link.springer.com/article/10.1007/s11390-026-6076-1,Article
Xenomorphy: becoming alien with AI,AI & SOCIETY,,,,10.1007/s00146-026-03089-4,Enya Esuna Rogerson,2026,https://link.springer.com/article/10.1007/s00146-026-03089-4,Article
"Inspirational Responsibility, Intellectual Property, and AI Training",Philosophy & Technology,,,,10.1007/s13347-026-01099-0,Jonas Bozenhard,2026,https://link.springer.com/article/10.1007/s13347-026-01099-0,Article
AI safety and regulatory capture,AI & SOCIETY,,,,10.1007/s00146-025-02534-0,Thomas Metcalf,2025,https://link.springer.com/article/10.1007/s00146-025-02534-0,Article
A model for incorporating AI into ERP software,Discover Artificial Intelligence,,,,10.1007/s44163-026-01362-5,Siar Sarferaz,2026,https://link.springer.com/article/10.1007/s44163-026-01362-5,Article
Understanding AI risks from its characteristics and NMPA regulation perspectives,Insights into Imaging,,,,10.1186/s13244-026-02283-8,Yuehua LiuWenjin Yu,2026,https://link.springer.com/article/10.1186/s13244-026-02283-8,Article
AI-driven nanomedicine for cancer theranostics,Molecular Cancer,,,,10.1186/s12943-025-02563-9,Ashutosh TiwariWidodoDyah Ika KrisnawatiChih-Yu ChenTsung-Rong Kuo,2026,https://link.springer.com/article/10.1186/s12943-025-02563-9,Article
Smart aging: integrating AI into elderly healthcare,BMC Geriatrics,,,,10.1186/s12877-025-06723-w,Claudio TanaCarmine SiniscalchiNicoletta CerundoloTiziana MeschiPaolo MartellettiMarco TanaLivia MoffaWilliam Wells-GatnikFrancesco CipolloneMaria Adele Giamberardino,2025,https://link.springer.com/article/10.1186/s12877-025-06723-w,Article
Generative AI technologies and educational outcomes: a comprehensive meta-analysis comparing traditional and AI-driven approaches,Humanities and Social Sciences Communications,,,,10.1057/s41599-026-06903-y,Ying Dong,2026,https://link.springer.com/article/10.1057/s41599-026-06903-y,Article
AI practical wisdom and compassion,AI and Ethics,,,,10.1007/s43681-025-00877-4,Mark Graves,2025,https://link.springer.com/article/10.1007/s43681-025-00877-4,Article
Admissions in the age of AI: detecting AI-generated application materials in higher education,Scientific Reports,,,,10.1038/s41598-024-77847-z,Yijun ZhaoAlexander BorelliFernando MartinezHaoran XueGary M. Weiss,2024,https://link.springer.com/article/10.1038/s41598-024-77847-z,Article
Recent topics in musculoskeletal imaging focused on clinical applications of AI: How should radiologists approach and use AI?,La radiologia medica,,,,10.1007/s11547-024-01947-z,Taiki NozakiMasahiro HashimotoDaiju UedaShohei FujitaYasutaka FushimiKoji KamagataYusuke MatsuiRintaro ItoTakahiro TsuboyamaFuminari TatsugamiNoriyuki FujimaKenji HirataMasahiro YanagawaAkira YamadaTomoyuki FujiokaMariko KawamuraTakeshi NakauraShinji Naganawa,2025,https://link.springer.com/article/10.1007/s11547-024-01947-z,Article
It's a Tool Not a Crutch: A Pilot&#xa0;Generative AI Intervention to Enhance Pre-service Teachers' Self-efficacy and AI Literacy,"Technology, Knowledge and Learning",,,,10.1007/s10758-025-09875-1,John MeeganKeith Young,2025,https://link.springer.com/article/10.1007/s10758-025-09875-1,Article
AI and human autonomy: a literature review,AI and Ethics,,,,10.1007/s43681-025-00958-4,Eleonora Catena,2026,https://link.springer.com/article/10.1007/s43681-025-00958-4,Article
Collaborative AI for precision neurorehabilitation: a&#xa0;roadmap,Journal of NeuroEngineering and Rehabilitation,,,,10.1186/s12984-025-01810-w,Sook-Lei LiewR. James CottonEtienne BurdetSergi Bermúdez i BadiaPablo CelnikJames H. ColeRuishan LiuSurjo R. SoekadarCarolee WinsteinNicolas Schweighofer,2025,https://link.springer.com/article/10.1186/s12984-025-01810-w,Article
AI for electrocatalytic energy conversion: from atoms to industry,Science China Materials,,,,10.1007/s40843-025-4074-6,Xuan YangNan WangZhaoxin GuoChenfei XuXiaoyang WangJinfeng ZhangPengfei HuangYanan Chen,2026,https://link.springer.com/article/10.1007/s40843-025-4074-6,Article
Profile of Red AI research literature,AI & SOCIETY,,,,10.1007/s00146-025-02578-2,Alan Porter,2025,https://link.springer.com/article/10.1007/s00146-025-02578-2,Article
AI Alignment: The Case for Including Animals,Philosophy & Technology,,,,10.1007/s13347-025-00979-1,Yip Fai TseAdrià MoretSoenke ZieschePeter Singer,2025,https://link.springer.com/article/10.1007/s13347-025-00979-1,Article
Can We Assess Attitudes Toward AI with Single Items? Associations with Existing Attitudes Toward AI Measures and Trust in ChatGPT,Journal of Technology in Behavioral Science,,,,10.1007/s41347-025-00481-7,Christian MontagRaian Ali,2025,https://link.springer.com/article/10.1007/s41347-025-00481-7,Article
Human-AI teaming in healthcare: 1 + 1 &gt; 2?,npj Artificial Intelligence,,,,10.1038/s44387-025-00052-4,Peng LiuJiaxin ZhangShuaiqi ChenShanguang Chen,2025,https://www.nature.com/articles/s44387-025-00052-4,Article
State aid for AI: strategic necessity or market distortion?,ERA Forum,,,,10.1007/s12027-026-00883-x,Juan Jorge Piernas López,2026,https://link.springer.com/article/10.1007/s12027-026-00883-x,Article
A roadmap for AI in robotics,Nature Machine Intelligence,,,,10.1038/s42256-025-01050-6,Aude BillardAlin Albu-SchaefferMichael BeetzWolfram BurgardPeter CorkeMatei CiocarlieRavinder DahiyaDanica KragicKen GoldbergYukie NagaiDavide Scaramuzza,2025,https://link.springer.com/article/10.1038/s42256-025-01050-6,Article
AI-native mechanical engineering education framework,JMST Advances,,,,10.1007/s42791-025-00120-5,Jaehyo Kim,2025,https://link.springer.com/article/10.1007/s42791-025-00120-5,Article
Embodied AI,Autonomous Embodied AI,,,,10.1007/978-981-95-7750-7_1,Xin WangTongtong FengHuaping LiuWenwu Zhu,2026,https://link.springer.com/chapter/10.1007/978-981-95-7750-7_1,Chapter
AI in criminal sentencing: mapping the ethical terrain,AI and Ethics,,,,10.1007/s43681-026-01062-x,David Chelsom Vogt,2026,https://link.springer.com/article/10.1007/s43681-026-01062-x,Article
Do We Learn From Each Other: Understanding the Human-AI Co-Learning Process Embedded in Human-AI Collaboration,Group Decision and Negotiation,,,,10.1007/s10726-024-09912-x,Jinwei LuYikuan YanKeman HuangMing YinFang Zhang,2024,https://link.springer.com/article/10.1007/s10726-024-09912-x,Article
Towards responsible AI: an implementable blueprint for integrating explainability and social-cognitive frameworks in AI systems,AI Perspectives & Advances,,,,10.1186/s42467-024-00016-5,Rittika ShamsuddinHabib B. TabriziPavan R. Gottimukkula,2025,https://link.springer.com/article/10.1186/s42467-024-00016-5,Article
The Paradox of Ethical AI-Assisted Research,Journal of Academic Ethics,,,,10.1007/s10805-025-09671-7,Daniele Mezzadri,2025,https://link.springer.com/article/10.1007/s10805-025-09671-7,Article
Measuring meaningful human control in human–AI teaming: effects of team design in AI-assisted pandemic triage,AI and Ethics,,,,10.1007/s43681-024-00647-8,Karel Van den BoschJurriaan Van DiggelenSabine VerdultTjalling HaijeJasper Van der Waa,2025,https://link.springer.com/article/10.1007/s43681-024-00647-8,Article
The value of vulnerability for trustworthy AI,AI & SOCIETY,,,,10.1007/s00146-026-02892-3,Giacomo Figà-Talamanca,2026,https://link.springer.com/article/10.1007/s00146-026-02892-3,Article
Enterprise AI,,,,,10.1007/978-3-032-01940-0,,2025,https://link.springer.com/book/10.1007/978-3-032-01940-0,Book
When is AI democratic? Artificial intelligence and democratic empowerment,AI & SOCIETY,,,,10.1007/s00146-026-03097-4,Francesco Nasi,2026,https://link.springer.com/article/10.1007/s00146-026-03097-4,Article
Performance evaluation of AI and hybrid-AI models for estimation of evaporation in Lesser Himalayan Valley,Neural Computing and Applications,,,,10.1007/s00521-025-11492-z,Gupta Abhishek RajkumarManish Kumar NemaDeepak Khare,2025,https://link.springer.com/article/10.1007/s00521-025-11492-z,Article
The impact of AI on the labour market,Management & Marketing,,,,10.1007/s44491-026-00003-y,Michaela DoubkováMartin Magdin,2026,https://link.springer.com/article/10.1007/s44491-026-00003-y,Article
Do we want AI judges? The acceptance of AI judges’ judicial decision-making on moral foundations,AI & SOCIETY,,,,10.1007/s00146-024-02121-9,Taenyun KimWei Peng,2024,https://link.springer.com/article/10.1007/s00146-024-02121-9,Article
General scales unlock AI evaluation with explanatory and predictive power,Nature,,,,10.1038/s41586-026-10303-2,Lexin ZhouLorenzo PacchiardiFernando Martínez-PlumedKatherine M. CollinsYael Moros-DavalSeraphina ZhangQinlin ZhaoYitian HuangLuning SunJonathan E. PruntyZongqian LiPablo Sánchez-GarcíaKexin Jiang-ChenPablo A. M. CasaresJiyun ZuJohn BurdenBehzad MehrbakhshDavid StillwellManuel CebrianJindong WangPeter HendersonSherry Tongshuang WuPatrick C. KyllonenLucy ChekeXing XieJosé Hernández-Orallo,2026,https://link.springer.com/article/10.1038/s41586-026-10303-2,Article
"Admire you, become you: exploring the role of coworker’s AI symbolization in motivating employee AI usage behavior",Current Psychology,,,,10.1007/s12144-024-06786-9,Wenjuan MeiMeilan Nong,2024,https://link.springer.com/article/10.1007/s12144-024-06786-9,Article
Adult learners’ perspectives of AI applications in supporting andragogy,Educational technology research and development,,,,10.1007/s11423-026-10621-2,Jinhee KimXi LinSeongryeong YuRita Detrick,2026,https://link.springer.com/article/10.1007/s11423-026-10621-2,Article
Trust and AI in healthcare: a systematic review,Monash Bioethics Review,,,,10.1007/s40592-025-00272-z,Aníbal M. AstobizaMarcos AlonsoRamón Ortega Lozano,2025,https://link.springer.com/article/10.1007/s40592-025-00272-z,Article
"AI agent in healthcare: applications, evaluations, and future directions",npj Artificial Intelligence,,,,10.1038/s44387-026-00076-4,Lina ZhaoShengrui LiuTangsiwei XinJiawen TanXiaoran WangYafang LiZihao BianYiyang ChenFanyi KongJinwei BianChen QianZongjiu Zhang,2026,https://www.nature.com/articles/s44387-026-00076-4,Article
Determinants of government AI adoption for e-government,AI & SOCIETY,,,,10.1007/s00146-025-02849-y,Stephen Kwamena AikinsTamara Dimitrijevska-Markoski,2026,https://link.springer.com/article/10.1007/s00146-025-02849-y,Article
A cautionary tale for AI and machine learning in psychiatry,Translational Psychiatry,,,,10.1038/s41398-026-03930-w,Zhe Sage ChenKatharina SchultebraucksWei Wu,2026,https://link.springer.com/article/10.1038/s41398-026-03930-w,Article
AI and&#xa0;Espionage: AI for&#xa0;Spyware Development,Cyber Espionage and National Security Challenges,,,,10.1007/978-3-032-09423-0_6,Mohammad Manzurul IslamMd. Adnan MorshedK. M. Safin KamalMd. Hasanul FerdausMd. Sawkat AliMuhammad Firoz Mridha,2026,https://link.springer.com/chapter/10.1007/978-3-032-09423-0_6,Chapter
AI preference prediction and policy making,AI & SOCIETY,,,,10.1007/s00146-025-02474-9,James Edgar LimJulian Savulescu,2025,https://link.springer.com/article/10.1007/s00146-025-02474-9,Article
AI-Informed Pedagogy for a Post-Truth Era,Digital Society,,,,10.1007/s44206-025-00230-6,David Nally,2025,https://link.springer.com/article/10.1007/s44206-025-00230-6,Article
Scaling medical AI across clinical contexts,Nature Medicine,,,,10.1038/s41591-025-04184-7,Michelle M. LiBen Y. ReisAdam RodmanTianxi CaiNoa DaganRan D. BalicerJoseph LoscalzoIsaac S. KohaneMarinka Zitnik,2026,https://link.springer.com/article/10.1038/s41591-025-04184-7,Article
AI ethics as a complex and multifaceted challenge: decoding educators’ AI ethics alignment through the lens of activity theory,International Journal of Educational Technology in Higher Education,,,,10.1186/s41239-024-00496-9,Jaber KamaliMuhammet Furkan AlpatAras Bozkurt,2024,https://link.springer.com/article/10.1186/s41239-024-00496-9,Article
Should We Discourage AI Extension? Epistemic Responsibility and AI,Philosophy & Technology,,,,10.1007/s13347-024-00774-4,Hadeel NaeemJulian Hauser,2024,https://link.springer.com/article/10.1007/s13347-024-00774-4,Article
AI in geriatric psychiatry: precision meets human experience,Neuropsychopharmacology,,,,10.1038/s41386-026-02328-y,Akiko MizunoZackory EricksonDaniel E. JimenezHoward Jay Aizenstein,2026,https://link.springer.com/article/10.1038/s41386-026-02328-y,Article
Human-AI Systems in Medicine: Outskilling Versus Newskilling,Annals of Biomedical Engineering,,,,10.1007/s10439-026-04022-y,Timothy Daly,2026,https://link.springer.com/article/10.1007/s10439-026-04022-y,Article
AI-powered robotic surgery: transforming surgical decisions,Journal of Robotic Surgery,,,,10.1007/s11701-025-03064-z,Jack Ng Kok Wah,2025,https://link.springer.com/article/10.1007/s11701-025-03064-z,Article
Irreplaceable teachers in the AI era are teacher leaders,Education and Information Technologies,,,,10.1007/s10639-026-14006-z,Norma GhamrawiTarek ShalNajah A.R. Ghamrawi,2026,https://link.springer.com/article/10.1007/s10639-026-14006-z,Article
Ethical AI framework for future SHRM research,Discover Artificial Intelligence,,,,10.1007/s44163-025-00641-x,Gowri R.Senthil Kumar S.Neeraj Kumar Dubey,2025,https://link.springer.com/article/10.1007/s44163-025-00641-x,Article
Decoupling in AI ethics: Learning how to walk the talk,Empirical Software Engineering,,,,10.1007/s10664-026-10861-z,Ravit DotanTomer GershoniIrit HadarGil Luria,2026,https://link.springer.com/article/10.1007/s10664-026-10861-z,Article
Responsible AI and AI Governance,Responsible AI in Practice,,,,10.1007/979-8-8688-1166-1_1,Toju DukePaolo Giudici,2025,https://link.springer.com/chapter/10.1007/979-8-8688-1166-1_1,Chapter
Synthesizing AI Failure Research: A Scoping Review,Business & Information Systems Engineering,,,,10.1007/s12599-025-00970-2,Chenxi LiYixun LinXinyi TuJing Elaine ChenZiqi Zhao,2025,https://link.springer.com/article/10.1007/s12599-025-00970-2,Article
Dataset-centric AI ethics classification,AI and Ethics,,,,10.1007/s43681-025-00904-4,Aditya KartikSurya RajAkash RattanDeepti Sahu,2025,https://link.springer.com/article/10.1007/s43681-025-00904-4,Article
"Addressing intersectional bias in AI recruitment using HITHIRE model: a fair, ethical, green AI and transparent hiring solution for Saudi Arabia’s diverse workforce in line with vision 2030",AI and Ethics,,,,10.1007/s43681-025-00844-z,Elham AlbaroudiTaha MansouriMohammad HatamlehAli Alameer,2025,https://link.springer.com/article/10.1007/s43681-025-00844-z,Article
Posthuman Ethics for AI,Journal of Bioethical Inquiry,,,,10.1007/s11673-025-10447-2,R. Braidotti,2025,https://link.springer.com/article/10.1007/s11673-025-10447-2,Article
Generative AI and foundation models in medical image,Radiological Physics and Technology,,,,10.1007/s12194-025-00968-1,Masahiro Oda,2025,https://link.springer.com/article/10.1007/s12194-025-00968-1,Article
“Your friendly AI assistant”: the anthropomorphic self-representations of ChatGPT and its implications for imagining AI,AI & SOCIETY,,,,10.1007/s00146-024-02108-6,Karin van EsDennis Nguyen,2024,https://link.springer.com/article/10.1007/s00146-024-02108-6,Article
"AI chatbots in L2 writing: anxiety, usefulness, and writing outcome",Humanities and Social Sciences Communications,,,,10.1057/s41599-026-06816-w,Asma Almusharraf,2026,https://link.springer.com/article/10.1057/s41599-026-06816-w,Article
Sustainable AI and the third wave of AI ethics: a structural turn,AI and Ethics,,,,10.1007/s43681-024-00522-6,Larissa BolteAimee van Wynsberghe,2024,https://link.springer.com/article/10.1007/s43681-024-00522-6,Article
AI reshaping financial modeling,npj Artificial Intelligence,,,,10.1038/s44387-025-00030-w,Frank XingKelvin DuGianmarco MengaldoErik CambriaRoy Welsch,2025,https://www.nature.com/articles/s44387-025-00030-w,Article
Reimagining healthcare education through nurturing AI-driven innovation,BMC Medical Education,,,,10.1186/s12909-025-08254-9,Jorge M. Mendes,2025,https://link.springer.com/article/10.1186/s12909-025-08254-9,Article
Breaking bad news with reflective AI virtual experience (BRAVE): development and evaluation of a generative AI-based simulation tool,Advances in Simulation,,,,10.1186/s41077-026-00429-8,Orit Karnieli-MillerZohar Elyoseph,2026,https://link.springer.com/article/10.1186/s41077-026-00429-8,Article
AI and the Dangers of False Friends,Philosophy & Technology,,,,10.1007/s13347-026-01063-y,Jacob Browning,2026,https://link.springer.com/article/10.1007/s13347-026-01063-y,Article
"Generative AI jailbreaks as emerging cyberthreats: Ethical, legal, and societal implications",International Cybersecurity Law Review,,,,10.1365/s43439-026-00171-x,Fabian Teichmann,2026,https://link.springer.com/article/10.1365/s43439-026-00171-x,Article
Cultural perspectives on AI usage and regulation in deepfake creation: how culture shapes AI practices,International Communication of Chinese Culture,,,,10.1007/s40636-025-00330-5,Marijana Krkić,2025,https://link.springer.com/article/10.1007/s40636-025-00330-5,Article
Leveraging artificial intelligence (AI) techniques for sustainable marine resources,Blue Biotechnology,,,,10.1186/s44315-026-00054-0,Shao-Wei HoJi-Yu WuYu-Wei ChenChieh-Kai YangWen-Ping Tsai,2026,https://link.springer.com/article/10.1186/s44315-026-00054-0,Article
"Human-AI Interaction, Moral Responsibility and Epistemic Credit",Philosophy & Technology,,,,10.1007/s13347-026-01104-6,Johan Largo,2026,https://link.springer.com/article/10.1007/s13347-026-01104-6,Article
"A People’s AI: Beyond Participation, Toward Genuine Democratization",Philosophy & Technology,,,,10.1007/s13347-026-01116-2,John W. MurphyRandon R. TaylorMarco Antonio Lueras,2026,https://link.springer.com/article/10.1007/s13347-026-01116-2,Article
Methodological and regulatory considerations for causal AI in drug development,npj Digital Medicine,,,,10.1038/s41746-026-02477-w,Hana LeeSky QiuSpencer HaupertGabriel K. InnesTristan NaumannDemissie AlemayehuMark van der Laan,2026,https://link.springer.com/article/10.1038/s41746-026-02477-w,Article
Building AI Agents Using SAP Business AI Foundation,Building an Intelligent Enterprise with SAP Business AI,,,,10.1007/979-8-8688-1980-3_7,Avijit Dhar,2026,https://link.springer.com/chapter/10.1007/979-8-8688-1980-3_7,Chapter
Will AI and humanity go to war?,AI & SOCIETY,,,,10.1007/s00146-025-02460-1,Simon Goldstein,2025,https://link.springer.com/article/10.1007/s00146-025-02460-1,Article
AI deskilling is a structural problem,AI & SOCIETY,,,,10.1007/s00146-025-02686-z,Avigail Ferdman,2025,https://link.springer.com/article/10.1007/s00146-025-02686-z,Article
Creativity in the age of generative AI,AI and Ethics,,,,10.1007/s43681-025-00848-9,Arisa YasudaYoshihiro Maruyama,2025,https://link.springer.com/article/10.1007/s43681-025-00848-9,Article
A multimodal uncertainty-aware AI system optimizes ovarian cancer risk assessment workflow,npj Digital Medicine,,,,10.1038/s41746-025-01986-4,Xiaodong WangXiaohui LvJingwen WangLulu ZouZijun ChenRuiyu ZhaoLisha ZhaoMin ZhaoXinlei ZhangBoan ZhangJiahao ZhangYiteng ZhuXin ShiYan’e GaoMinghui LiuLirong AiLiming WangXiyang LiuHong Yang,2025,https://link.springer.com/article/10.1038/s41746-025-01986-4,Article
People choose to receive human empathy despite rating AI empathy higher,Communications Psychology,,,,10.1038/s44271-025-00387-3,Joshua D. WengerC. Daryl CameronMichael Inzlicht,2026,https://link.springer.com/article/10.1038/s44271-025-00387-3,Article
Fictional prototypes of AI–human coexistence and relationality,AI & SOCIETY,,,,10.1007/s00146-025-02830-9,Junichi Hoshino,2026,https://link.springer.com/article/10.1007/s00146-025-02830-9,Article
Contextual justice: citizens’ dialogues on AI judges in Japan,AI and Ethics,,,,10.1007/s43681-026-01110-6,Toshihiro UrahigashiAtsushi YoshikawaHirotsugu OhbaYuko Murakami,2026,https://link.springer.com/article/10.1007/s43681-026-01110-6,Article
ASHA: exploring image authenticity in the era of AI,"Signal, Image and Video Processing",,,,10.1007/s11760-026-05396-1,Murugadoss RajanSurendra P. RamtekeNilima Surendra RamtekeI. R. Valarmathi,2026,https://link.springer.com/article/10.1007/s11760-026-05396-1,Article
Trust in AI: supportive vs. autonomous roles across four domains,AI & SOCIETY,,,,10.1007/s00146-026-03040-7,Gunne GrankvistMaria LarssonRobin Lindström Kupiainen,2026,https://link.springer.com/article/10.1007/s00146-026-03040-7,Article
The Epistemic Costs of Super-Persuasive AI,Philosophy & Technology,,,,10.1007/s13347-026-01106-4,Ari Deller,2026,https://link.springer.com/article/10.1007/s13347-026-01106-4,Article
Missing the human in AI: on dehumanisation by generative AI chatbots using the case of Replika,Ethics and Information Technology,,,,10.1007/s10676-026-09898-x,Paolo MontiChristiane GrünlohMichelle Worthington,2026,https://link.springer.com/article/10.1007/s10676-026-09898-x,Article
AI Ethics’ Institutional Turn,Digital Society,,,,10.1007/s44206-025-00174-x,Jocelyn MaclureAlexis Morin-Martel,2025,https://link.springer.com/article/10.1007/s44206-025-00174-x,Article
AI adoption among young Indians: an analysis using a MIMIC model,Humanities and Social Sciences Communications,,,,10.1057/s41599-026-06583-8,Subhasis BeraIshita BeraDil Rahut,2026,https://link.springer.com/article/10.1057/s41599-026-06583-8,Article
Cultural tendencies in generative AI,Nature Human Behaviour,,,,10.1038/s41562-025-02242-1,Jackson G. LuLesley Luyang SongLu Doris Zhang,2025,https://link.springer.com/article/10.1038/s41562-025-02242-1,Article
From user needs to AI solutions: a human-centered design approach for AI-powered virtual teamwork competency training,International Journal of Educational Technology in Higher Education,,,,10.1186/s41239-025-00551-z,Wenjie HuCecilia Ka Yuk Chan,2025,https://link.springer.com/article/10.1186/s41239-025-00551-z,Article
Exploring key stakeholders’ perspectives on integrating the EU AI Act with the MDR for certifying AI medical devices,AI and Ethics,,,,10.1007/s43681-024-00612-5,Edmund BalogunDion DcostaAuxane BochChristoph Luetge,2024,https://link.springer.com/article/10.1007/s43681-024-00612-5,Article
Reimagining teacher-AI co-design in learning task design: trends and perspectives,Humanities and Social Sciences Communications,,,,10.1057/s41599-026-06981-y,Zongran WangLiu MingzhuoA.Y.M. Atiquil Islam,2026,https://link.springer.com/article/10.1057/s41599-026-06981-y,Article
AI/ML-based computational models for toxicity prediction,Environmental Science and Pollution Research,,,,10.1007/s11356-025-37354-8,Sushmita BaruaBadhrinarayanan BalajiSeetharaman Balaji,2026,https://link.springer.com/article/10.1007/s11356-025-37354-8,Article
AI Governance and Responsible AI,Scaling Enterprise Solutions with Large Language Models,,,,10.1007/979-8-8688-1154-8_7,Arindam Ganguly,2025,https://link.springer.com/chapter/10.1007/979-8-8688-1154-8_7,Chapter
"AI, Explainable AI and Evaluative AI: Informed Data-Driven Decision-Making in Education",Advanced Learning Analytics Methods,,,,10.1007/978-3-031-95365-1_2,Sonsoles López-PernasEduardo OliveiraYige SongMohammed Saqr,2026,https://link.springer.com/chapter/10.1007/978-3-031-95365-1_2,Chapter
Verifiable record of AI output for privacy protection: public space watched by AI-connected cameras as a target example,AI & SOCIETY,,,,10.1007/s00146-024-02122-8,Yusaku Fujii,2024,https://link.springer.com/article/10.1007/s00146-024-02122-8,Article
Towards end-to-end automation of AI research,Nature,,,,10.1038/s41586-026-10265-5,Chris LuCong LuRobert Tjarko LangeYutaro YamadaShengran HuJakob FoersterDavid HaJeff Clune,2026,https://link.springer.com/article/10.1038/s41586-026-10265-5,Article
Why we do need explainable AI for healthcare,Diagnostic and Prognostic Research,,,,10.1186/s41512-025-00209-4,Giovanni CinàTabea E. RöberRob GoedhartŞ. İlker Birbil,2025,https://link.springer.com/article/10.1186/s41512-025-00209-4,Article
Principle-based AI ethics: challenges and prospects,AI and Ethics,,,,10.1007/s43681-025-00959-3,Simon Kiorgaard,2026,https://link.springer.com/article/10.1007/s43681-025-00959-3,Article
Economic evaluations of AI applications in radiology: a systematic review,European Radiology,,,,10.1007/s00330-025-12308-3,Lucy GregoryFelicity LockHugh HarveyFederica Zanca,2026,https://link.springer.com/article/10.1007/s00330-025-12308-3,Article
"AI for geosafety: motivations, advances, challenges, and opportunities",Bulletin of Engineering Geology and the Environment,,,,10.1007/s10064-026-04961-9,Meijun ZhouGang MeiZhengjing MaNengxiong XuJianbing Peng,2026,https://link.springer.com/article/10.1007/s10064-026-04961-9,Article
An AI policy ontology for the civil security domain,AI and Ethics,,,,10.1007/s43681-025-00864-9,Xenia ZiouvelouPaola FratantoniPinelopi TroullinouFrancesca TrevisanDimitris KyriazanosAnastasios DrosouAnthi MpaniaClaire MorotsirKonstantina GiouvanopoulouVangelis Karkaletsis,2026,https://link.springer.com/article/10.1007/s43681-025-00864-9,Article
Experimental assessment of AI-based interactome mapping,Nature Communications,,,,10.1038/s41467-026-70942-x,Luke LambourneAnupama YadavYang WangAlice DesbuleuxDae-Kyum KimFlorent LavalKerstin Spirohn-FitzgeraldTiziana CafarelliCarles PonsIstván A. KovácsNoor JailkhaniSadie SchlabachDavid De RidderKatja LuckVladimir V. Botchkarev Jr.Olivia DebnathWenting BianYun ShenZhipeng YangMiles W. MeeMohamed HelmyYves JacobIrma LemmensThomas RollandGregory G. McClainAtina G. CotéMarinella GebbiaNishka KishoreJennifer J. KnappJoseph C. MellorGonen MemisogluJüri ReimandJan TavernierMichael E. CusickQuan ZhongPatrick AloyTong HaoBenoit CharloteauxFrederick P. RothJavier De Las RivasPascal Falter-BraunDavid E. HillMichael A. CalderwoodJean-Claude TwizereMarc Vidal,2026,https://link.springer.com/article/10.1038/s41467-026-70942-x,Article
A semi-automated software model to support AI ethics compliance assessment of an AI system guided by ethical principles of AI,AI and Ethics,,,,10.1007/s43681-024-00480-z,Maria Assunta CappelliGiovanna Di Marzo Serugendo,2024,https://link.springer.com/article/10.1007/s43681-024-00480-z,Article
"Replace, augment, disrupt: AI &amp; organizational decision-making",Journal of Organization Design,,,,10.1007/s41469-025-00194-4,Scott E. PageAnusha Kallapur,2025,https://link.springer.com/article/10.1007/s41469-025-00194-4,Article
Thermodynamic computing system for AI applications,Nature Communications,,,,10.1038/s41467-025-59011-x,Denis MelansonMohammad Abu KhaterMaxwell AiferKaelan DonatellaMax Hunter GordonThomas AhleGavin CrooksAntonio J. MartinezFaris SbahiPatrick J. Coles,2025,https://link.springer.com/article/10.1038/s41467-025-59011-x,Article
Educational ideals affect AI acceptance in learning environments,AI and Ethics,,,,10.1007/s43681-025-00979-z,Florian RichterMatthias Uhl,2026,https://link.springer.com/article/10.1007/s43681-025-00979-z,Article
Comparison of AI-integrated pathways with human-AI interaction in population mammographic screening for breast cancer,Nature Communications,,,,10.1038/s41467-024-51725-8,Helen M. L. FrazerCarlos A. Peña-SolorzanoChun Fung KwokMichael S. ElliottYuanhong ChenChong WangOsamah Al-QershiSamantha K. FoxBrendan HillRavishankar KarthikKatrina KunickiShuai LiEnes MakalicTuong L. NguyenPrabhathi Basnayake RalalageDaniel SchmidtPrue C. WeidemanJocelyn F. LippeyJohn L. HopperPeter BrotchieGustavo CarneiroDavis J. McCarthy,2024,https://link.springer.com/article/10.1038/s41467-024-51725-8,Article
Global laws governing intellectual property rights for AI-generated works,Discover Artificial Intelligence,,,,10.1007/s44163-026-01165-8,Tiyyaba FurqanHamda M. AleissaeeNadirah GhenimiAlya A. Arabi,2026,https://link.springer.com/article/10.1007/s44163-026-01165-8,Article
Evaluating AI in leukocyte classification: performance of the AI system against 15 morphology experts,npj Digital Medicine,,,,10.1038/s41746-026-02601-w,Wei XuHaoqin JiangJingxian ZhangKun ChenYang FeiPing GuoYongjian HeYi YeLinlin QuMingkang YangLizhi YanDi WangHuan QiShihong ZhangChi ZhangJianbiao WangMing Guan,2026,https://link.springer.com/article/10.1038/s41746-026-02601-w,Article
"The impact of an AI-focused ethics education program on nursing students’ ethical awareness, moral sensitivity, attitudes, and generative AI adoption intention: a quasi-experimental study",BMC Nursing,,,,10.1186/s12912-025-03458-2,Mohammad AbuadasZainab AlbikawiAhmad Rayani,2025,https://link.springer.com/article/10.1186/s12912-025-03458-2,Article
AI Fundamentals,"Artificial Intelligence for Human Fertility: Trends, Insights, and Predictions",,,,10.1007/978-981-95-1248-5_3,KC SantoshDebasmita Ghosh Roy,2026,https://link.springer.com/chapter/10.1007/978-981-95-1248-5_3,Chapter
Holistic AI in medicine; improved performance and explainability,npj Digital Medicine,,,,10.1038/s41746-025-02298-3,Periklis PetridisGeorgios MargaritisVasiliki StoumpouDimitris Bertsimas,2026,https://link.springer.com/article/10.1038/s41746-025-02298-3,Article
Adaptive AI decision interface for autonomous electronic material discovery,Nature Chemical Engineering,,,,10.1038/s44286-025-00318-3,Yahao DaiHenry ChanAikaterini VrizaJingyuan FanFredrick KimYunfei WangWei LiuNaisong ShanJing XuMax WeiresYukun WuZhiqiang CaoC. Suzanne MillerRalu DivanXiaodan GuChenhui ZhuSihong WangJie Xu,2025,https://link.springer.com/article/10.1038/s44286-025-00318-3,Article
The evolution of AI in city planning,Discover Cities,,,,10.1007/s44327-026-00224-0,Michael Batty,2026,https://link.springer.com/article/10.1007/s44327-026-00224-0,Article
Supporting SME companies in mapping out AI potential: a Finnish AI development case,The Journal of Technology Transfer,,,,10.1007/s10961-024-10122-5,Pouya JafarzadehTanja VähämäkiPaavo NevalainenAntti TuomistoJukka Heikkonen,2024,https://link.springer.com/article/10.1007/s10961-024-10122-5,Article
Directions for navigating critical AI literacy in teacher education,Journal of Computing in Higher Education,,,,10.1007/s12528-025-09471-3,Ezequiel AlemanRicardo MartínezMelis DilekEvrim Baran,2025,https://link.springer.com/article/10.1007/s12528-025-09471-3,Article
Low perceived warmth of AI agents reduces trust towards them,Scientific Reports,,,,10.1038/s41598-026-42252-1,Katarzyna SamsonTomasz Zaleskiewicz,2026,https://link.springer.com/article/10.1038/s41598-026-42252-1,Article
AI and shared decision-making: a systematic review,AI & SOCIETY,,,,10.1007/s00146-026-02955-5,Claudia GiorgettiArianna GiorgettiSusi PelottiGiuseppe Contissa,2026,https://link.springer.com/article/10.1007/s00146-026-02955-5,Article
AI-generated child sexual abuse material: what’s the harm?,AI & SOCIETY,,,,10.1007/s00146-026-02932-y,Caoilte Ó. CiardhaJohn BuckleyRebecca Portnoff,2026,https://link.springer.com/article/10.1007/s00146-026-02932-y,Article
"Overview of AI and communication for 6G network: fundamentals, challenges, and future research opportunities",Science China Information Sciences,,,,10.1007/s11432-024-4337-1,Qimei CuiXiaohu YouNi WeiGuoshun NanXuefei ZhangJianhua ZhangXinchen LyuMing AiXiaofeng TaoZhiyong FengPing ZhangQingqing WuMeixia TaoYongming HuangChongwen HuangGuangyi LiuChenghui PengZhiwen PanTao SunDusit NiyatoTao ChenMuhammad Khurram KhanAbbas JamalipourMohsen GuizaniChau Yuen,2025,https://link.springer.com/article/10.1007/s11432-024-4337-1,Article
"A systematic review of generative AI: importance of industry and startup-centered perspectives, agentic AI, ethical considerations &amp; challenges, and future directions",Artificial Intelligence Review,,,,10.1007/s10462-025-11435-z,Kinjal PatelMilind ShahKarishma M. QureshiMohamed Rafik N. Qureshi,2025,https://link.springer.com/article/10.1007/s10462-025-11435-z,Article
E-LENS: user requirement–oriented AI ethics assurance,Human-Intelligent Systems Integration,,,,10.1007/s42454-025-00068-w,Jianlong ZhouFang Chen,2025,https://link.springer.com/article/10.1007/s42454-025-00068-w,Article
AI-mediated risks and real-life challenges in mushroom foraging,npj Science of Food,,,,10.1038/s41538-026-00752-4,Nik V. KuznetsovYu XiaSergei KuznetsovFransina Christina KingMilos Ljubisavljevic,2026,https://link.springer.com/article/10.1038/s41538-026-00752-4,Article
Evaluation indicator system for AI certificate programs,International Journal of Educational Technology in Higher Education,,,,10.1186/s41239-026-00604-x,Zijing WuQiang Li,2026,https://link.springer.com/article/10.1186/s41239-026-00604-x,Article
Autonomous catalysis research with human–AI–robot collaboration,Nature Catalysis,,,,10.1038/s41929-025-01430-6,Negin OroujiJeffrey A. BennettRichard B. CantyLong QiShijing SunPaulami MajumdarChong LiuNúria LópezNeil M. SchweitzerJohn R. KitchinHongliang XinMilad Abolhasani,2025,https://link.springer.com/article/10.1038/s41929-025-01430-6,Article
Semantic modelling of AI-integrated digital twins for enhanced transparency,Journal of Intelligent Information Systems,,,,10.1007/s10844-026-01065-4,Yanfeng ShuAndrew HellicarWeihong WangAshfaqur Rahman,2026,https://link.springer.com/article/10.1007/s10844-026-01065-4,Article
Gauging public opinion of AI and emotionalized AI in healthcare: findings from a nationwide survey in Japan,AI & SOCIETY,,,,10.1007/s00146-024-02126-4,Peter A. MantelloNader GhotbiManh-Tung HoFuminobu Mizutani,2024,https://link.springer.com/article/10.1007/s00146-024-02126-4,Article
Turning AI Against AI: The Role of Agentic AI in Detecting and Mitigating AI Generated Cyber Attacks,ICT: Applications and Social Interfaces,,,,10.1007/978-3-032-19681-1_1,Ashok KumarSanjeev PatwaSunil Kumar Jangir,2026,https://link.springer.com/chapter/10.1007/978-3-032-19681-1_1,Conference paper
"The AI workforce and firm maturity: old firms, new tech",Journal of Business Economics,,,,10.1007/s11573-026-01271-0,Pattanaporn ChatjuthamardPornsit JirapornPandej ChintrakarnWoraphon Wattanatorn,2026,https://link.springer.com/article/10.1007/s11573-026-01271-0,Article
Risks of AI scientists: prioritizing safeguarding over autonomy,Nature Communications,,,,10.1038/s41467-025-63913-1,Xiangru TangQiao JinKunlun ZhuTongxin YuanYichi ZhangWangchunshu ZhouMeng QuYilun ZhaoJian TangZhuosheng ZhangArman CohanDov GreenbaumZhiyong LuMark Gerstein,2025,https://link.springer.com/article/10.1038/s41467-025-63913-1,Article
"Ai4tech: X-AI enabling X-Tech with human-like, generative, decentralized, humanoid and metaverse AI",International Journal of Data Science and Analytics,,,,10.1007/s41060-024-00615-9,Longbing Cao,2024,https://link.springer.com/article/10.1007/s41060-024-00615-9,Article
AI-powered electronic skin: from smart design to cognitive interaction,Bio-Design and Manufacturing,,,,10.1631/bdm.2500376,Baocheng WangDepeng KongHuayong YangKaichen XuGeng Yang,2026,https://link.springer.com/article/10.1631/bdm.2500376,Article
Digital pragmatics and AI tools in business English,Discover Education,,,,10.1007/s44217-026-01347-7,Arusyak Ivanyan,2026,https://link.springer.com/article/10.1007/s44217-026-01347-7,Article
Introduction to AI,AI-Enabled Apps with .NET MAUI,,,,10.1007/979-8-8688-1817-2_2,Codrina Merigo,2026,https://link.springer.com/chapter/10.1007/979-8-8688-1817-2_2,Chapter
Conversational AI in customer support: Revolution or risk?,AI and Ethics,,,,10.1007/s43681-025-00893-4,Bilawal SarwarJoudat Irshad Hashmi,2025,https://link.springer.com/article/10.1007/s43681-025-00893-4,Article
Eu regulatory ecosystem for ethical AI,AI and Ethics,,,,10.1007/s43681-025-00749-x,Vaios BolgourasApostolis ZarrasChristian LekaIoannis StylianouAristeidis FaraoChristos Xenakis,2025,https://link.springer.com/article/10.1007/s43681-025-00749-x,Article
AI Chatbots and Psychotherapy: Overcoming Skepticism Through Responsible Innovation,Journal of Technology in Behavioral Science,,,,10.1007/s41347-026-00643-1,Jack NotoNathan CarrollCharles Binkley,2026,https://link.springer.com/article/10.1007/s41347-026-00643-1,Article
The future of mathematical oncology in the age of AI,npj Systems Biology and Applications,,,,10.1038/s41540-026-00656-9,Russell C. RockneMorten AndersenAlexander R. A. AndersonDavid BasantaAngela BentivegnaSebastien BenzekrySergio BranciamoreSarah C. BrüningkMartina ConteFarnoush FarahpourAleksandra KarolakAlvaro Köhn-LuqueGuillermo LorenzoBabgen ManookianAndrei S. RodinLara SchmalenstroerJuan SolerCristian TomasettiKonstancja Urbaniak,2026,https://link.springer.com/article/10.1038/s41540-026-00656-9,Article
"Mirror, mirror: AI, narcissism, and the spell unbroken",AI & SOCIETY,,,,10.1007/s00146-026-03172-w,Betül SağlamAyşe Elif Yavuz SeverGöklem TekdemirFurkan Erdoğdu,2026,https://link.springer.com/article/10.1007/s00146-026-03172-w,Article
The radiologist–AI workflow and the risk of medical malpractice claims,Nature Health,,,,10.1038/s44360-026-00085-2,Michael H. BernsteinBrian SheppardMichael A. BrunoParker S. LayGrayson L. Baird,2026,https://link.springer.com/article/10.1038/s44360-026-00085-2,Article
AI for educational innovation: opportunities and challenges amidst protracted crises,Education and Information Technologies,,,,10.1007/s10639-025-13867-0,Maria Bou ZeidKamal Abouchedid,2025,https://link.springer.com/article/10.1007/s10639-025-13867-0,Article
"A Unified Thermodynamic Framework: From Equilibrium and Nonequilibrium to Zentropy, Cross Phenomena, and Applications for AI and AI Safety",Journal of Phase Equilibria and Diffusion,,,,10.1007/s11669-026-01248-0,Zi-Kui Liu,2026,https://link.springer.com/article/10.1007/s11669-026-01248-0,Article
Reconceptualising the Reproduction Right in the Age of AI,IIC - International Review of Intellectual Property and Competition Law,,,,10.1007/s40319-025-01653-x,Rita Matulionyte,2025,https://link.springer.com/article/10.1007/s40319-025-01653-x,Article
Bridging the gap: Explainable AI for advancing Earth System Science,Science China Earth Sciences,,,,10.1007/s11430-025-1898-3,Feini HuangShijie JiangWei ShangguanLu LiYe ZhangRuqing ZhangQingliang LiDanxi LiYongjiu Dai,2026,https://link.springer.com/article/10.1007/s11430-025-1898-3,Article
Fortifying AI Systems: Emerging Threats and Security Countermeasures,SN Computer Science,,,,10.1007/s42979-025-04658-y,Habibur RahamanAtri ChatterjeeSwarup Bhunia,2026,https://link.springer.com/article/10.1007/s42979-025-04658-y,Article
A cognitive approach to human–AI complementarity in dynamic decision-making,Nature Reviews Psychology,,,,10.1038/s44159-025-00499-x,Cleotilde GonzalezHoda Heidari,2025,https://link.springer.com/article/10.1038/s44159-025-00499-x,Article
Bridging Integrative Medicine and AI: A Zhuangzian Perspective,NanoEthics,,,,10.1007/s11569-026-00497-0,Luis Cordeiro-RodriguesMario WenningCornelius Ewuoso,2026,https://link.springer.com/article/10.1007/s11569-026-00497-0,Article
AI and Education for Planetary Flourishing: Towards Earth-Alignment,Postdigital Science and Education,,,,10.1007/s42438-026-00643-7,Sharon Stein,2026,https://link.springer.com/article/10.1007/s42438-026-00643-7,Article
When AI meets sustainable 6G,Science China Information Sciences,,,,10.1007/s11432-024-4257-6,Xiaohu YouYongming HuangCheng ZhangJiaheng WangHao YinHequan Wu,2024,https://link.springer.com/article/10.1007/s11432-024-4257-6,Article
"AI agents and full autonomy in cybersecurity: technical, business, ethical and legal considerations",International Cybersecurity Law Review,,,,10.1365/s43439-026-00172-w,Moufid El-KhouryFerdinand KpielehSabine KhalilJacques Bou Abdo,2026,https://link.springer.com/article/10.1365/s43439-026-00172-w,Article
Reflection in co-action: AI joins the crit,International Journal of Technology and Design Education,,,,10.1007/s10798-026-10079-6,Aminreza Iranmanesh,2026,https://link.springer.com/article/10.1007/s10798-026-10079-6,Article
"Do AI agents have free will, really?",AI and Ethics,,,,10.1007/s43681-026-01125-z,Iikka HauhioTommi Buder-GröndahlAnna-Mari Wallenberg,2026,https://link.springer.com/article/10.1007/s43681-026-01125-z,Article
AI in Transfusion Medicine: A Scoping Review with Bibliography,Indian Journal of Hematology and Blood Transfusion,,,,10.1007/s12288-026-02441-4,Priyadarsini Jayachandran ArcotNajla Haneefa BasheelaSuvro Sankha DattaKaran KumarSuchet Sachdev,2026,https://link.springer.com/article/10.1007/s12288-026-02441-4,Article
Considering the Social and Economic Sustainability of AI,Science and Engineering Ethics,,,,10.1007/s11948-025-00544-1,Rosalie WaelenAimee van Wynsberghe,2025,https://link.springer.com/article/10.1007/s11948-025-00544-1,Article
Motivators and detractors to integration of the user AI experience,Advances in Computational Intelligence,,,,10.1007/s43674-026-00088-2,Thomas S. Mueller,2026,https://link.springer.com/article/10.1007/s43674-026-00088-2,Article
Proposing Central Asian AI ethics principles: a multilevel approach for responsible AI,AI and Ethics,,,,10.1007/s43681-024-00505-7,Ammar YounasYi Zeng,2024,https://link.springer.com/article/10.1007/s43681-024-00505-7,Article
Implementing AI ethics: the VPCIO model,AI and Ethics,,,,10.1007/s43681-025-00723-7,Désirée MartinMichael W. SchmidtRafaela Hillerbrand,2025,https://link.springer.com/article/10.1007/s43681-025-00723-7,Article
AI-enabled flexible electronic systems via near-sensor and in-sensor computing,npj Flexible Electronics,,,,10.1038/s41528-026-00544-6,Zhangyu XuErxuan XieChao HouYunzhao BaiWei HeXuejun LiuFan ZhangYongAn Huang,2026,https://link.springer.com/article/10.1038/s41528-026-00544-6,Article
Reframing the AI alignment problem: insights from business applications,AI and Ethics,,,,10.1007/s43681-026-01137-9,Joseph L. Breeden,2026,https://link.springer.com/article/10.1007/s43681-026-01137-9,Article
AI-Based EMG Reporting: A Randomized Controlled Trial,Journal of Neurology,,,,10.1007/s00415-025-13261-3,Alon GorenshteinYana WeisblatMohamed KhatebGilad KenanIrina TsirkinGalina FaynSemion GellerShahar Shelly,2025,https://link.springer.com/article/10.1007/s00415-025-13261-3,Article
Municipal AI integration: a structured approach,Frontiers of Urban and Rural Planning,,,,10.1007/s44243-025-00056-3,Lutz Eichholz,2025,https://link.springer.com/article/10.1007/s44243-025-00056-3,Article
AI-Integrated Architecture for Theater Missile Defense Simulation,"International Journal of Control, Automation, and Systems",,,,10.1007/s12555-026-00114-6,Chang-Seok HanHyungho NaJuho ChoiYeeun ParkJongsu HwangIl-Chul MoonTae-Sub Yun,2026,https://link.springer.com/article/10.1007/s12555-026-00114-6,Article
Micro-learning of generative AI on digital media and its adoption among college music majors: Applying the technology acceptance model with AI identity threat as a moderator,Education and Information Technologies,,,,10.1007/s10639-026-13910-8,Xiaoyu LiuZeqing Mao,2026,https://link.springer.com/article/10.1007/s10639-026-13910-8,Article
A systematic review of AI anxiety in education,AI and Ethics,,,,10.1007/s43681-025-00783-9,Xiaolan WuHui Li,2025,https://link.springer.com/article/10.1007/s43681-025-00783-9,Article
Towards trustworthy medical AI ecosystems – a proposal for supporting responsible innovation practices in AI-based medical innovation,AI & SOCIETY,,,,10.1007/s00146-024-02082-z,Christian HerzogSabrina BlankBernd Carsten Stahl,2024,https://link.springer.com/article/10.1007/s00146-024-02082-z,Article
"AI in human resources: efficiency, ethics, and emerging challenges",AI and Ethics,,,,10.1007/s43681-025-00862-x,Soumi MajumderSyedahmed SalmanNilanjan Dey,2025,https://link.springer.com/article/10.1007/s43681-025-00862-x,Article
AI-generated contradictions for environmental democracy,AI & SOCIETY,,,,10.1007/s00146-025-02704-0,Richard Sťahel,2025,https://link.springer.com/article/10.1007/s00146-025-02704-0,Article
Implementation of AI in radiology: the perspective of referring physicians,Insights into Imaging,,,,10.1186/s13244-025-02120-4,Jennifer GottaLeon D. GrünewaldVitali KochScherwin MahmoudiSimon BernatzElena HöhneTeodora BiciuscaAynur GökdumanChristian WolframChristian BoozJan-Erik ScholtzSimon MartinKatrin EichlerTatjana Gruber-RouhAndreas BucherIbrahim YelThomas J. VoglPhilipp Reschke,2025,https://link.springer.com/article/10.1186/s13244-025-02120-4,Article
Human-Centered AI Design Principles for Generative AI,Handbook of Human-Centered Artificial Intelligence,,,,10.1007/978-981-95-3658-0_74,Justin D. WeiszJessica HeMichael Muller,2026,https://link.springer.com/rwe/10.1007/978-981-95-3658-0_74,Reference work entry
AI in Childbirth and Emerging Alternatives to Traditional Fertility Treatments,Reproductive Sciences,,,,10.1007/s43032-026-02052-4,Vandana BhatiaAnjali ChandelYavnika MinhasAditya RattanSwati Rana,2026,https://link.springer.com/article/10.1007/s43032-026-02052-4,Article
From AI use to positive functioning: The roles of trust and need satisfaction,Gruppe. Interaktion. Organisation. Zeitschrift für Angewandte Organisationspsychologie (GIO),,,,10.1007/s11612-026-00886-9,Lara WatermannEva LermerSimone Kubowitsch,2026,https://link.springer.com/article/10.1007/s11612-026-00886-9,Article
AI-native robotic vision systems enabled by in-sensor computing,npj Unconventional Computing,,,,10.1038/s44335-025-00047-z,Dagam KimJong Ik KwonYouson KimDae-Hyeong KimChangsoon Choi,2026,https://www.nature.com/articles/s44335-025-00047-z,Article
Parental and peer phubbing and college students’ gen AI dependency: the mediating roles of loneliness and self-efficacy and the moderating role of perception of gen AI,Current Psychology,,,,10.1007/s12144-025-07748-5,Jundong LiaoXinyi WeiXinlong SunXin FangYuedong QiuXici WanLi Lei,2025,https://link.springer.com/article/10.1007/s12144-025-07748-5,Article
"Effects of ethics, regulations, and training regarding responsible AI use on continued use intentions of gen AI chatbots: structural equation model of university students perceptions",AI and Ethics,,,,10.1007/s43681-025-00755-z,Gyasi Alfred BannorFrancis Ohene BoatengYarhands Dissou Arthur,2025,https://link.springer.com/article/10.1007/s43681-025-00755-z,Article
Can AI Express Empathy? Computational Insights from Mental Health Dialogues,Journal of Technology in Behavioral Science,,,,10.1007/s41347-026-00652-0,Olasunkanmi KehindeElijah AdeyeyeMusa A. AyanwaleMubarak O. Mojoyinola,2026,https://link.springer.com/article/10.1007/s41347-026-00652-0,Article
Target identification and assessment in the era of AI,Nature Reviews Drug Discovery,,,,10.1038/s41573-026-01412-8,Frank W. PunDmitriy PodolskiyEvgeny IzumchenkoAndrew MortlockTudor I. OpreaMorten Scheibye-KnudsenKristen FortneyEric MorgenFeng RenAlex Zhavoronkov,2026,https://link.springer.com/article/10.1038/s41573-026-01412-8,Article
The transformation from human surplus value to AI algorithmic surplus value: logic of the critique of capital in the era of AI,Humanities and Social Sciences Communications,,,,10.1057/s41599-025-06420-4,Zhiwu Zhang,2025,https://link.springer.com/article/10.1057/s41599-025-06420-4,Article
AI-assisted integretomics approaches in plant stress research,Journal of Plant Biochemistry and Biotechnology,,,,10.1007/s13562-026-01048-0,Tavisha Singh,2026,https://link.springer.com/article/10.1007/s13562-026-01048-0,Article
The phenomenology of human–AI aesthetics,AI & SOCIETY,,,,10.1007/s00146-025-02278-x,Angela Butler,2025,https://link.springer.com/article/10.1007/s00146-025-02278-x,Article
The mathematician’s assistant: integrating AI into research practice,Mathematische Semesterberichte,,,,10.1007/s00591-025-00400-0,Jonas Henkel,2025,https://link.springer.com/article/10.1007/s00591-025-00400-0,Article
Fair or flawed? Rethinking grant review with generative AI,Synthese,,,,10.1007/s11229-025-05366-z,Vlasta Sikimić,2025,https://link.springer.com/article/10.1007/s11229-025-05366-z,Article
AI art and public literacy: the miseducation of Ai-Da the robot,AI and Ethics,,,,10.1007/s43681-024-00488-5,Eleonora Lima,2024,https://link.springer.com/article/10.1007/s43681-024-00488-5,Article
Virtuous narrative ethics for accommodation or refusal of AI for sustainability,SN Social Sciences,,,,10.1007/s43545-026-01401-z,Paul HayesNoel Fitzpatrick,2026,https://link.springer.com/article/10.1007/s43545-026-01401-z,Article
SciSciGPT: advancing human–AI collaboration in the science of science,Nature Computational Science,,,,10.1038/s43588-025-00906-6,Erzhuo ShaoYifang WangYifan QianZhenyu PanHan LiuDashun Wang,2025,https://link.springer.com/article/10.1038/s43588-025-00906-6,Article
An interest-group theory of AI-tool governance in science,Public Choice,,,,10.1007/s11127-026-01420-7,Niclas Berggren,2026,https://link.springer.com/article/10.1007/s11127-026-01420-7,Article
Evaluating AI competency in project management: benefits and challenges,AI & SOCIETY,,,,10.1007/s00146-025-02730-y,Omobolanle OlatoyeEfenwengbe Nicholas Aminaho,2025,https://link.springer.com/article/10.1007/s00146-025-02730-y,Article
Chatbot or cheatbot? Moral judgments of AI usage in academic writing,Education and Information Technologies,,,,10.1007/s10639-026-13947-9,Yi XuJunyi GuoDong ZhouMengxuan Li,2026,https://link.springer.com/article/10.1007/s10639-026-13947-9,Article
A comprehensive review on AI-based crop disease detection using leaf image classification and explainable AI,Discover Applied Sciences,,,,10.1007/s42452-026-08684-0,Naceur ChihaouiAashir WaleedAhmad Subhi Salem MuflehShadi Majed AlshraahLoubna Hussain Rashid AlajmiSarah Altuwayjiri,2026,https://link.springer.com/article/10.1007/s42452-026-08684-0,Article
"Aggregation, trade-offs, and uncertainties in AI wellbeing",Asian Journal of Philosophy,,,,10.1007/s44204-025-00318-3,Jiwon Kim,2025,https://link.springer.com/article/10.1007/s44204-025-00318-3,Article
How AI can help us beat AMR,npj Antimicrobials and Resistance,,,,10.1038/s44259-025-00085-4,Autumn ArnoldStewart McLellanJonathan M. Stokes,2025,https://www.nature.com/articles/s44259-025-00085-4,Article
AI-empowered super-resolution microscopy: a revolution in nanoscale cellular imaging,Nature Methods,,,,10.1038/s41592-025-02871-4,Sen LiXiangjie MengBo ZhouWenfeng TianLiangyi ChenYang Zhang,2025,https://link.springer.com/article/10.1038/s41592-025-02871-4,Article
AI and Strategic Decisions: Facing the Incompleteness,European Business Organization Law Review,,,,10.1007/s40804-025-00356-7,Michele MozzarelliGiulia Schneider,2026,https://link.springer.com/article/10.1007/s40804-025-00356-7,Article
AI-Generated Spokesperson,Encyclopedia of Artificial Intelligence in Marketing,,,,10.1007/978-3-031-75316-9_102-1,Alexis YimLuke LiskaYumei MuManeesh Thakkar,2026,https://link.springer.com/rwe/10.1007/978-3-031-75316-9_102-1,Living reference work entry
AI-Cloud for next generation smart cites and smarter infrastructure,Discover Artificial Intelligence,,,,10.1007/s44163-026-01032-6,Sam GoundarBasetty MallikarjunaPuspalatha Chittem Setty,2026,https://link.springer.com/article/10.1007/s44163-026-01032-6,Article
The state of AI and intellectual property – a thematic scientometric assessment,SN Social Sciences,,,,10.1007/s43545-026-01479-5,Gergely Ferenc LendvaiPeter MezeiAnett Pogacsas,2026,https://link.springer.com/article/10.1007/s43545-026-01479-5,Article
Introduction To the Special Edition on Artificial Intelligence (AI),Journal of Technology in Behavioral Science,,,,10.1007/s41347-025-00573-4,David D. LuxtonChristina M. Armstrong,2025,https://link.springer.com/article/10.1007/s41347-025-00573-4,Article
AI ethics: a textbook by Paula Boddington,AI and Ethics,,,,10.1007/s43681-025-00769-7,Wael Badawy,2025,https://link.springer.com/article/10.1007/s43681-025-00769-7,Article
AI and extended authenticity: autism as a case study,AI & SOCIETY,,,,10.1007/s00146-026-03101-x,Joel Krueger,2026,https://link.springer.com/article/10.1007/s00146-026-03101-x,Article
AI generated drone command and control station hosted in the sky,npj Artificial Intelligence,,,,10.1038/s44387-026-00101-6,Peter J. Burke,2026,https://www.nature.com/articles/s44387-026-00101-6,Article
A Synergistic Approach: Dynamics–AI Ensemble in Tropical Cyclone Forecasting,Advances in Atmospheric Sciences,,,,10.1007/s00376-026-5784-3,Yonghui LiWansuo DuanHao LiWei HanHan ZhangYinuo Li,2026,https://link.springer.com/article/10.1007/s00376-026-5784-3,Article
Undergraduate students’ perspectives of generative AI ethics,International Journal of Educational Technology in Higher Education,,,,10.1186/s41239-025-00533-1,Tianxiao YangJongpil CheonMoon-Heum ChoMin HuangNaydu Cusson,2025,https://link.springer.com/article/10.1186/s41239-025-00533-1,Article
Guiding responsible AI in healthcare in the Philippines,npj Digital Medicine,,,,10.1038/s41746-025-01755-3,Raymond Francis R. SarmientoShauna M. OvergaardChenyu GaiJoshua D. OvergaardJoshua W. Ohde,2025,https://link.springer.com/article/10.1038/s41746-025-01755-3,Article
Generation AI: Job Crafting by Entry-Level Professionals in the Age of Generative AI,Business & Information Systems Engineering,,,,10.1007/s12599-025-00959-x,Anne-Sophie MayerReza M. BaygiReinout Buwalda,2025,https://link.springer.com/article/10.1007/s12599-025-00959-x,Article
AI-Generation Literacy,The Palgrave Encyclopedia of Computer-Assisted Language Learning,,,,10.1007/978-3-031-51447-0_260-1,Belle LiVictoria Lowell,2026,https://link.springer.com/rwe/10.1007/978-3-031-51447-0_260-1,Living reference work entry
Black-Box AI and Patient Autonomy,Minds and Machines,,,,10.1007/s11023-025-09729-w,Sinead PrinceJames Edgar Lim,2025,https://link.springer.com/article/10.1007/s11023-025-09729-w,Article
"Markets, agency, and trust: AI agents and the knowledge problem",The Review of Austrian Economics,,,,10.1007/s11138-025-00711-4,Brennan McDavidLynne KieslingDavid Chassin,2026,https://link.springer.com/article/10.1007/s11138-025-00711-4,Article
A framework for ethical AI-HRM development and use,AI and Ethics,,,,10.1007/s43681-025-00858-7,Jason DavidsonJerry SchneppHilary ButtrickAnkur Gupta,2025,https://link.springer.com/article/10.1007/s43681-025-00858-7,Article
Is explainable AI responsible AI?,AI & SOCIETY,,,,10.1007/s00146-024-01939-7,Isaac Taylor,2024,https://link.springer.com/article/10.1007/s00146-024-01939-7,Article
Bridging embodied cognition and AI: <i>Agentive Cognitive Construction Grammar</i> as a backing theory for neuro-symbolic AI,AI & SOCIETY,,,,10.1007/s00146-025-02404-9,Sergio Torres-Martínez,2025,https://link.springer.com/article/10.1007/s00146-025-02404-9,Article
"Law, Language, and Terminology. Challenges of Generative AI",International Journal for the Semiotics of Law - Revue internationale de Sémiotique juridique,,,,10.1007/s11196-026-10430-z,Angela CondelloGiorgio Maria Di NunzioFederica Vezzani,2026,https://link.springer.com/article/10.1007/s11196-026-10430-z,Article
"AI-agent communication network for 6G: vision, architecture, and key technologies",Frontiers of Information Technology & Electronic Engineering,,,,10.1631/FITEE.2500582,Xiaodong DuanZhenglei HuangShiyu LiangShaowen ZhengLu LuTao Sun,2025,https://link.springer.com/article/10.1631/FITEE.2500582,Article
Comparing the value of perceived human versus AI-generated empathy,Nature Human Behaviour,,,,10.1038/s41562-025-02247-w,Matan RubinJoanna Z. LiFederico ZimmermanDesmond C. OngAmit GoldenbergAnat Perry,2025,https://link.springer.com/article/10.1038/s41562-025-02247-w,Article
Sustainable AI meets feminist African ethics,AI and Ethics,,,,10.1007/s43681-025-00705-9,Modestha MensahAimee van Wynsberghe,2025,https://link.springer.com/article/10.1007/s43681-025-00705-9,Article
Advancing research software engineering with AI: a research framework,Automated Software Engineering,,,,10.1007/s10515-026-00621-0,Siamak FarshidiKwabena Ebo BenninÖnder BaburJune SallouAyalew KassahunBedir Tekinerdogan,2026,https://link.springer.com/article/10.1007/s10515-026-00621-0,Article
"AI, art and morality",AI and Ethics,,,,10.1007/s43681-025-00735-3,Milena Ivanova,2025,https://link.springer.com/article/10.1007/s43681-025-00735-3,Article
“Perplexity is BS machine:” from controversy to AI ethics as discourse?,AI and Ethics,,,,10.1007/s43681-026-01174-4,Nataliia LabaSuneel Jethani,2026,https://link.springer.com/article/10.1007/s43681-026-01174-4,Article
Human–AI collaboration for marketing capabilities: a meta-analysis,Marketing Letters,,,,10.1007/s11002-025-09783-5,Vu Minh Ngo,2025,https://link.springer.com/article/10.1007/s11002-025-09783-5,Article
A Network Approach to Public Trust in Generative AI,Philosophy & Technology,,,,10.1007/s13347-025-00974-6,Andrew McIntyreLucy ConoverFederica Russo,2025,https://link.springer.com/article/10.1007/s13347-025-00974-6,Article
AI Personalized Learning and the Risk of Epistemic Consolidation,Studies in Philosophy and Education,,,,10.1007/s11217-026-10081-4,Nicolas J. Tanchuk,2026,https://link.springer.com/article/10.1007/s11217-026-10081-4,Article
AI for humanity: overcoming ethical and technical barriers in humanitarian aid,AI and Ethics,,,,10.1007/s43681-026-01158-4,Catherine  Dupe OmidijiEmeka OgbujuJimba JoshuaAli  Muhammed Monday,2026,https://link.springer.com/article/10.1007/s43681-026-01158-4,Article
Human–AI collaboration: trade-offs between performance and preferences,Cognitive Research: Principles and Implications,,,,10.1186/s41235-026-00713-1,Lukas W. MayerSheer KarnyJackie AyoubMiao SongDanyang TianEhsan Moradi-PariMark Steyvers,2026,https://link.springer.com/article/10.1186/s41235-026-00713-1,Article
Authorised Interruption Capability in AI-intensive organisations,AI and Ethics,,,,10.1007/s43681-026-01207-y,Giovanni Velotto,2026,https://link.springer.com/article/10.1007/s43681-026-01207-y,Article
"Agentic AI: a review, applications and open research challenges",Computing,,,,10.1007/s00607-026-01676-3,Omer KhalidAmmad Ul Haq FarooqiMuhammad Bilal,2026,https://link.springer.com/article/10.1007/s00607-026-01676-3,Article
A Systematic Review Mapping of AI Literacy Progression in K–12,Journal for STEM Education Research,,,,10.1007/s41979-025-00166-z,Hui YangArif RachmatullahNonye AlozieSelin CapanQican Cao,2026,https://link.springer.com/article/10.1007/s41979-025-00166-z,Article
Revolutionizing biological sciences through AI: transforming healthcare and agriculture,OPSEARCH,,,,10.1007/s12597-026-01134-w,Liza DeviDibya Jyoti BoraLipika Khataniar,2026,https://link.springer.com/article/10.1007/s12597-026-01134-w,Article
"Systematic analysis of 32,111 AI model cards characterizes documentation practice in AI",Nature Machine Intelligence,,,,10.1038/s42256-024-00857-z,Weixin LiangNazneen RajaniXinyu YangEzinwanne OzoaniEric WuYiqun ChenDaniel Scott SmithJames Zou,2024,https://link.springer.com/article/10.1038/s42256-024-00857-z,Article
Designing ethical AI characters for children’s early learning experiences,"AI, Brain and Child",,,,10.1007/s44436-025-00015-1,Sonia Tiwari,2025,https://link.springer.com/article/10.1007/s44436-025-00015-1,Article
AI solutions to the radiology workforce shortage,npj Health Systems,,,,10.1038/s44401-025-00023-6,Andrew B. JingNaveen GargJiajie ZhangJeffrey J. Brown,2025,https://www.nature.com/articles/s44401-025-00023-6,Article
Ethical issues in medical AI education: challenges and prospects,International Journal of Ethics Education,,,,10.1007/s40889-026-00241-y,Chuansheng ZhengHongsen Zhang,2026,https://link.springer.com/article/10.1007/s40889-026-00241-y,Article
The Relational AI,Encyclopedia of Artificial Intelligence in Marketing,,,,10.1007/978-3-031-75316-9_70-1,Eunkyung LeeKyusung HwangDongyoup Kim,2026,https://link.springer.com/rwe/10.1007/978-3-031-75316-9_70-1,Living reference work entry
Dehumanising education: AI and the capitalist capture of teaching,AI and Ethics,,,,10.1007/s43681-026-01006-5,Ahmet Küçükuncular,2026,https://link.springer.com/article/10.1007/s43681-026-01006-5,Article
"“AI matters, but my STEM sucks”: Determinants of Chinese journalism students’ views on greater AI training in journalism courses",Education and Information Technologies,,,,10.1007/s10639-024-13230-9,Runping ZhuXiujie WangXinxin YuPhilip Wing Keung Chan,2024,https://link.springer.com/article/10.1007/s10639-024-13230-9,Article
Generative AI and collaboration: opportunities for cultivating collective intelligence,Journal of Organization Design,,,,10.1007/s41469-025-00199-z,Anita Williams Woolley,2025,https://link.springer.com/article/10.1007/s41469-025-00199-z,Article
Innovative AI model for bladder cancer diagnosis,Discover Oncology,,,,10.1007/s12672-025-04278-1,Lei JiangWenyu GeRuijiao FengLiu JiJingru HuoShijie LiTingting Fan,2025,https://link.springer.com/article/10.1007/s12672-025-04278-1,Article
"Human bias, machine bias: a cognitive lens on fair AI",AI and Ethics,,,,10.1007/s43681-026-01086-3,Nyida Gyal,2026,https://link.springer.com/article/10.1007/s43681-026-01086-3,Article
Flowing intelligences: Taoist and indigenous perspectives on organisational AI ethics,AI & SOCIETY,,,,10.1007/s00146-026-03109-3,Martin SposatoEduardo Carlos Dittmar,2026,https://link.springer.com/article/10.1007/s00146-026-03109-3,Article
The evolution of AI-integrated genome editing and its challenges,Mammalian Genome,,,,10.1007/s00335-026-10248-x,Matthew Tze Jian WongNur Diyana ZulkifliThurgashini RavichandranKalidasan VasodavanOsama Al-ShaibahGalib Muhammad Shahriar HimelAnusha AchuthanMohana Anita AnthonysamyKumitaa Theva Das,2026,https://link.springer.com/article/10.1007/s00335-026-10248-x,Article
"Sustainable AI in medicine: navigating innovation, challenges, and environmental impact",Health Economics Review,,,,10.1186/s13561-025-00704-w,Elena BignamiLuigino Jalale DarhourValentina Bellini,2025,https://link.springer.com/article/10.1186/s13561-025-00704-w,Article
Swipe right on AI: Understanding psychological profiles behind chatbot love,Current Psychology,,,,10.1007/s12144-026-09434-6,Zhou FangYong Bian,2026,https://link.springer.com/article/10.1007/s12144-026-09434-6,Article
Is AI Currently Used in Psychiatric Practice in Poland? Assessing the Frequency of Use and Opinions on the Use of AI in Psychiatric Practice,Journal of Technology in Behavioral Science,,,,10.1007/s41347-025-00506-1,Magdalena ReclikEmilia LubeckaBarbara KwaśnicaAnna KożuchAgata ŁosiewiczKrzysztof Krysta,2025,https://link.springer.com/article/10.1007/s41347-025-00506-1,Article
This (AI)n’t fair? Employee reactions to artificial intelligence (AI) in career development systems,Review of Managerial Science,,,,10.1007/s11846-024-00789-3,Alina KöchlingMarius Claus WehnerSascha Alexander Ruhle,2024,https://link.springer.com/article/10.1007/s11846-024-00789-3,Article
AI literacy functions as cultural capital in stratified Egyptian schools,Discover Education,,,,10.1007/s44217-026-01695-4,Mohamed MekheimerGoma Tohamy,2026,https://link.springer.com/article/10.1007/s44217-026-01695-4,Article
A polycrisis threat model for AI,AI & SOCIETY,,,,10.1007/s00146-025-02371-1,Adam Bales,2025,https://link.springer.com/article/10.1007/s00146-025-02371-1,Article
"AI literacy: ai4Ev, a guide for adults non-technical learners",Iran Journal of Computer Science,,,,10.1007/s42044-025-00377-y,Mariana Falco,2026,https://link.springer.com/article/10.1007/s42044-025-00377-y,Article
AI regulation: maintaining interoperability through value-sensitive standardisation,Ethics and Information Technology,,,,10.1007/s10676-025-09832-7,Ana Paula Gonzalez TorresTimo Ali-Vehmas,2025,https://link.springer.com/article/10.1007/s10676-025-09832-7,Article
Artificial intelligence (AI) in ORL: pitfalls and challenges,The Egyptian Journal of Otolaryngology,,,,10.1186/s43163-025-00935-y,Mohammad Waheed El-Anwar,2025,https://link.springer.com/article/10.1186/s43163-025-00935-y,Article
Strengthening environmental sustainability through AI-enabled human resource management practices,International Journal of System Assurance Engineering and Management,,,,10.1007/s13198-026-03354-1,Vidhi KapruwanVinay KandpalNaresh Kumar SharmaKashish Khan,2026,https://link.springer.com/article/10.1007/s13198-026-03354-1,Article
Capturing the unobservable in AI development: proposal to account for AI developer practices with ethnographic audit trails (EATs),AI and Ethics,,,,10.1007/s43681-024-00535-1,Yung-Hsuan Wu,2024,https://link.springer.com/article/10.1007/s43681-024-00535-1,Article
AI and the labour market: opening the black box,Eurasian Business Review,,,,10.1007/s40821-025-00324-8,Nathalie GreenanDario GuarascioJelena Reljic,2025,https://link.springer.com/article/10.1007/s40821-025-00324-8,Article
AI-Powered Translations,AI-Enabled Apps with .NET MAUI,,,,10.1007/979-8-8688-1817-2_9,Codrina Merigo,2026,https://link.springer.com/chapter/10.1007/979-8-8688-1817-2_9,Chapter
AI-generated face images of emotional expressions,Journal of Nonverbal Behavior,,,,10.1007/s10919-026-00517-3,Robin S. S. KramerNatália JavorkováPeter R. Clark,2026,https://link.springer.com/article/10.1007/s10919-026-00517-3,Article
Building capabilities for responsible AI in finance: insights from Fuzzy ISM,Journal of Ambient Intelligence and Humanized Computing,,,,10.1007/s12652-026-05085-4,Jaspreet KaurHans KaushikSanjeev SwamiSumita SrivastavaBharti Kumari,2026,https://link.springer.com/article/10.1007/s12652-026-05085-4,Article
The AI Paradox,Encyclopedia of Artificial Intelligence in Marketing,,,,10.1007/978-3-031-75316-9_78-1,Mohammad Osman GaniAhmad Azmi Mohd AriffinKifayat Nahiyan Rafi,2026,https://link.springer.com/rwe/10.1007/978-3-031-75316-9_78-1,Living reference work entry
Robustness and trustworthiness in AI: a no-go result from formal epistemology,Synthese,,,,10.1007/s11229-025-05272-4,Levin Hornischer,2026,https://link.springer.com/article/10.1007/s11229-025-05272-4,Article
Energy creates intelligence: the infrastructural geography of global AI,AI & SOCIETY,,,,10.1007/s00146-026-02974-2,Ahyoung ChangJunfeng Jiao,2026,https://link.springer.com/article/10.1007/s00146-026-02974-2,Article
Conceptualisation of human–AI dialogue in/for an educational semiosphere,AI & SOCIETY,,,,10.1007/s00146-026-02907-z,Seyedeh Maede Mirsonbol,2026,https://link.springer.com/article/10.1007/s00146-026-02907-z,Article
Longitudinal big biological data in the AI era,Molecular Systems Biology,,,,10.1038/s44320-025-00134-0,Adil MardinogluHasan TurkezMinho ShongVishnuvardhan Pogunulu SrinivasuluJens NielsenBernhard O PalssonLeroy HoodMathias Uhlen,2025,https://link.springer.com/article/10.1038/s44320-025-00134-0,Article
"Expertise, opacity, and trust in AI systems",Synthese,,,,10.1007/s11229-026-05484-2,Éloïse Boisseau,2026,https://link.springer.com/article/10.1007/s11229-026-05484-2,Article
AI revolution: trust and the perceived threat to job security,SN Business & Economics,,,,10.1007/s43546-025-00963-z,José CampinoEvdokia Asvestopoulou,2025,https://link.springer.com/article/10.1007/s43546-025-00963-z,Article
Recommending AI based on Quantified Self: Investigating the mechanism of consumer acceptance of AI recommendations,Electronic Markets,,,,10.1007/s12525-024-00739-7,Aoxue LiZhengping DingChunhua SunYezheng Liu,2024,https://link.springer.com/article/10.1007/s12525-024-00739-7,Article
Towards a transparent and reproducible AI-assisted research paper writing,Genomics & Informatics,,,,10.1186/s44342-025-00057-0,Jeongbin Park,2025,https://link.springer.com/article/10.1186/s44342-025-00057-0,Article
Using generative AI for formative feedback on student writing drafts,Educational technology research and development,,,,10.1007/s11423-026-10652-9,Randall Davies,2026,https://link.springer.com/article/10.1007/s11423-026-10652-9,Article
AI and Curriculum,Artificial Intelligence and Education in the Global South,,,,10.1007/978-3-032-11449-5_4,Fernando ReimersZainab AzimMaria-Renée PalomoCallysta Thony,2026,https://link.springer.com/chapter/10.1007/978-3-032-11449-5_4,Chapter
On the caveats of AI autophagy,Nature Machine Intelligence,,,,10.1038/s42256-025-00984-1,Xiaodan XingFadong ShiJiahao HuangYinzhe WuYang NanSheng ZhangYingying FangMichael RobertsCarola-Bibiane SchönliebJavier Del SerGuang Yang,2025,https://link.springer.com/article/10.1038/s42256-025-00984-1,Article
From trust to dependency: how generative AI attributes and organisational support shape student use of generative AI,Education and Information Technologies,,,,10.1007/s10639-026-13983-5,Haishun WangJianwei Tian,2026,https://link.springer.com/article/10.1007/s10639-026-13983-5,Article
"Smart, automated junctional tourniquets leveraging AI-driven ultrasound guidance",Scientific Reports,,,,10.1038/s41598-026-37467-1,Sofia I. Hernandez TorresTheodore WinterIsiah MejiaCarlos BedollaBenjamin AlexanderJames P. Collier IIIMichael D. LopezEric J. Snider,2026,https://link.springer.com/article/10.1038/s41598-026-37467-1,Article
Challenges and Risks of AI in Academic Writing Based on Student Perspectives,Journal of Academic Ethics,,,,10.1007/s10805-026-09723-6,Louie GirayBench FabrosGerry Digo,2026,https://link.springer.com/article/10.1007/s10805-026-09723-6,Article
AI auditing through performance appraisals: A practice-informed approach,AI & SOCIETY,,,,10.1007/s00146-025-02674-3,Bart Anthony KamphorstIris Marijke MuisJulia StraatmanMirko Tobias Schäfer,2025,https://link.springer.com/article/10.1007/s00146-025-02674-3,Article
IT and AI at national courts. Some examples from Estonia,ERA Forum,,,,10.1007/s12027-025-00861-9,Nele Siitam,2025,https://link.springer.com/article/10.1007/s12027-025-00861-9,Article
MAIA: a collaborative medical AI platform for integrated healthcare innovation,npj Artificial Intelligence,,,,10.1038/s44387-025-00042-6,Simone BendazzoliSanna PerssonMehdi AstarakiSebastian PetterssonVitali GrozmanRodrigo Moreno,2025,https://www.nature.com/articles/s44387-025-00042-6,Article
Why We Should Recognize AI as an Inventor,Journal of Bioethical Inquiry,,,,10.1007/s11673-025-10429-4,A. S. BayındırJ. Danaher,2025,https://link.springer.com/article/10.1007/s11673-025-10429-4,Article
AI-powered dynamic queue optimization in bursty multi traffic environment,Journal of Cloud Computing,,,,10.1186/s13677-026-00884-8,Tehmina Karamat KhanTaimur KaramatMohsan TanveerN. Z. JhanjhiSayan Kumar Ray,2026,https://link.springer.com/article/10.1186/s13677-026-00884-8,Article
Can AI systems have free will?,Synthese,,,,10.1007/s11229-025-05209-x,Christian List,2025,https://link.springer.com/article/10.1007/s11229-025-05209-x,Article
Are Psychiatry Faculty Prepared to Guide AI Use? A National Survey,Academic Psychiatry,,,,10.1007/s40596-026-02352-6,Amelia Elizabeth MercadoLauren FergusonJonathan ChastainJulie WilliamsRamzi W. NahhasSamidha TripathiLarrilyn Grant,2026,https://link.springer.com/article/10.1007/s40596-026-02352-6,Article
Turing’s Philosophy of AI,Journal for General Philosophy of Science,,,,10.1007/s10838-024-09715-3,Sebastian Sunday Grève,2025,https://link.springer.com/article/10.1007/s10838-024-09715-3,Article
Algorithmic phronesis: Heideggerian insights on AI and judicial virtue,AI and Ethics,,,,10.1007/s43681-026-00985-9,Abdullah Muhammad Dhrubo,2026,https://link.springer.com/article/10.1007/s43681-026-00985-9,Article
Enhancing Psychiatry Education with Generative AI: A Pilot Study on AI-Assisted Object Relations Theory Training,Academic Psychiatry,,,,10.1007/s40596-026-02302-2,Conner PoletDeepti AnbarasanBrennan CarrithersLiliya Gershengoren,2026,https://link.springer.com/article/10.1007/s40596-026-02302-2,Article
Exploring AI in radiology: a&#xa0;bibliometric study tailored to a&#xa0;research path,Die Radiologie,,,,10.1007/s00117-026-01579-6,Ikram GouriRachid DehbiAmine DehbiZouhair Ibn Batouta,2026,https://link.springer.com/article/10.1007/s00117-026-01579-6,Article
Smarter bones: AI &amp; robotics revolutionise orthopedic surgery,Journal of Robotic Surgery,,,,10.1007/s11701-026-03208-9,Jack Ng Kok Wah,2026,https://link.springer.com/article/10.1007/s11701-026-03208-9,Article
A sociotechnological-system approach to AI ethics,AI & SOCIETY,,,,10.1007/s00146-025-02335-5,Erich Riesen,2025,https://link.springer.com/article/10.1007/s00146-025-02335-5,Article
Addressing the regulatory gap: moving towards an EU AI audit ecosystem beyond the AI Act by including civil society,AI and Ethics,,,,10.1007/s43681-024-00595-3,David HartmannJosé Renato Laranjeira de PereiraChiara StreitbörgerBettina Berendt,2024,https://link.springer.com/article/10.1007/s43681-024-00595-3,Article
Ten reasons why—the case for more and better AI regulation,AI and Ethics,,,,10.1007/s43681-025-00865-8,Manuel Woersdoerfer,2025,https://link.springer.com/article/10.1007/s43681-025-00865-8,Article
Against AI ethics: challenging the conventional narratives,AI and Ethics,,,,10.1007/s43681-025-00978-0,Saleh AfrooghYasser PouresmaeilAmit Dhurandhar,2026,https://link.springer.com/article/10.1007/s43681-025-00978-0,Article
Generative AI empowered digital twins for advancing precision medicine,Discover Artificial Intelligence,,,,10.1007/s44163-026-01034-4,Hossein AkbarialiabadEhsan SafaeeMehdi LetafatiJian GongSancy A. LeachmanAyman GradaAmirmohammad PasdarMaryam JanatifarFarhan ShakilChristopher G. BunickDedee F. MurrellMichelle TarboxCameron WestAlireza Haghighi,2026,https://link.springer.com/article/10.1007/s44163-026-01034-4,Article
AI and the urgency for proactive regulation,AI and Ethics,,,,10.1007/s43681-025-00799-1,Markaè Johnson,2025,https://link.springer.com/article/10.1007/s43681-025-00799-1,Article
Ethical AI Development,Engineering Ethics of AI by Design,,,,10.1007/978-981-95-2909-4_10,Muthu Ramachandran,2026,https://link.springer.com/chapter/10.1007/978-981-95-2909-4_10,Chapter
Kantian deontology for AI: alignment without moral agency,AI and Ethics,,,,10.1007/s43681-025-00784-8,Oluwaseun Damilola Sanwoolu,2025,https://link.springer.com/article/10.1007/s43681-025-00784-8,Article
Integrating Document AI and Vision-Language Models for Automated Electronic Manifest Generation,Programming and Computer Software,,,,10.1134/S0361768825010037,Eduardo Antonio Hinojosa-PalafoxOscar Mario Rodríguez-ElíasMartha Patricia Sevilla-Zazueta,2025,https://link.springer.com/article/10.1134/S0361768825010037,Article
AI Through Ethical Lenses: A Discourse Analysis of Guidelines for AI in Healthcare,Science and Engineering Ethics,,,,10.1007/s11948-024-00486-0,Laura Arbelaez OssaStephen R. MilfordMichael RostAnja K. LeistDavid M. ShawBernice S. Elger,2024,https://link.springer.com/article/10.1007/s11948-024-00486-0,Article
A scoping review of empirical research on AI literacy assessments,Educational technology research and development,,,,10.1007/s11423-025-10515-9,Jiahong SuXinyu ChenSamuel Kai Wah ChuXiao Hu,2025,https://link.springer.com/article/10.1007/s11423-025-10515-9,Article
Nature reorganising intelligence: AI as an evolutionary phase transition,AI & SOCIETY,,,,10.1007/s00146-025-02797-7,Joseph Andrew Zeller,2025,https://link.springer.com/article/10.1007/s00146-025-02797-7,Article
Risky business: how digital artists perceive generative AI,AI & SOCIETY,,,,10.1007/s00146-026-03149-9,Clinton AmosLixuan ZhangKatelyn Wilson,2026,https://link.springer.com/article/10.1007/s00146-026-03149-9,Article
AI and Creativity,Encyclopedia of Artificial Intelligence in Marketing,,,,10.1007/978-3-031-75316-9_129-1,Margherita PaganiYoram “Jerry” Wind,2026,https://link.springer.com/rwe/10.1007/978-3-031-75316-9_129-1,Living reference work entry
DeMamba: AI-generated video detection on million-scale GenVideo benchmark,Science China Information Sciences,,,,10.1007/s11432-024-4894-0,Haoxing ChenYan HongZizheng HuangZhuoer XuZhangxuan GuYaohui LiJun LanHuijia ZhuJianfu ZhangWeiqiang WangHuaxiong Li,2026,https://link.springer.com/article/10.1007/s11432-024-4894-0,Article
Generative AI-assisted clinical interviewing of mental health,Scientific Reports,,,,10.1038/s41598-025-13429-x,Sverker SikströmRebecca Astrid BoehmeMariam MirströmThibaud AgbotsokaGergő GyőriMarta LasotaMona TabeshLotta StilleDanilo Garcia,2025,https://link.springer.com/article/10.1038/s41598-025-13429-x,Article
Industrialized heartbreak: how generative AI enables romance fraud at scale,AI and Ethics,,,,10.1007/s43681-026-01129-9,Lorena Dominguez Castillo,2026,https://link.springer.com/article/10.1007/s43681-026-01129-9,Article
Tackling Social Engineering with AI and Generative AI: Toward Resilient Human–AI Defenses,Guide to AI for Cybersecurity,,,,10.1007/978-3-032-25874-8_17,Muthu Ramachandran,2026,https://link.springer.com/chapter/10.1007/978-3-032-25874-8_17,Chapter
Beyond linearity: reimagining AI as a participant in circular bioeconomies,Journal of Biological Engineering,,,,10.1186/s13036-026-00672-7,Aarthi MuthukumarBarira RashidLihong Yang,2026,https://link.springer.com/article/10.1186/s13036-026-00672-7,Article
General-purpose large language models outperform specialized clinical AI tools on medical benchmarks,Nature Medicine,,,,10.1038/s41591-026-04431-5,Krithik VishwanathAnton AlyakinMrigayu GhoshAli HageSean N. NeifertCordelia OrillacNataniel J. MandelbergHammad A. KhanJin Vivian LeeJie J. YaoWilliam Robert SmallAakaash VarmaD. Brock HewittYindalon AphinyanaphongsDaniel Alexander AlberEric Karl Oermann,2026,https://link.springer.com/article/10.1038/s41591-026-04431-5,Article
Low-rank adaptation for edge AI,Scientific Reports,,,,10.1038/s41598-025-16794-9,Zhixue WangHongyao MaJiahui Zhai,2025,https://link.springer.com/article/10.1038/s41598-025-16794-9,Article
Intersymbolic AI,"Leveraging Applications of Formal Methods, Verification and Validation. Software Engineering Methodologies",,,,10.1007/978-3-031-75387-9_11,André Platzer,2025,https://link.springer.com/chapter/10.1007/978-3-031-75387-9_11,Conference paper
Security practices in AI development,AI & SOCIETY,,,,10.1007/s00146-025-02247-4,Petr SpeldaVit Stritecky,2025,https://link.springer.com/article/10.1007/s00146-025-02247-4,Article
AI safety: a climb to Armageddon?,Philosophical Studies,,,,10.1007/s11098-025-02297-w,Herman CappelenJosh DeverJohn Hawthorne,2025,https://link.springer.com/article/10.1007/s11098-025-02297-w,Article
AI-based systems adoption in business operations: barriers and performance effects,Operations Management Research,,,,10.1007/s12063-025-00570-z,Šimon HánaBart Lameijer,2025,https://link.springer.com/article/10.1007/s12063-025-00570-z,Article
AI and data driven product management for sustainable energy innovations,Discover Artificial Intelligence,,,,10.1007/s44163-026-01452-4,Daniel Chwaifo MalannAyomide Titus OgungbemiAli B. M. AliGreat Iruoghene EdoKugbere EmumejayeAgatha Ngukuran JikahEmad YousifUwadia FrancisJoseph Oghenewogaga OwheruoEphraim Evi Alex OghroroArthur Efeoghene Athan EssaghahDina S. AhmedMaryam Rabiu AliyuHuzaifa UmarAhmed A. Alamiery,2026,https://link.springer.com/article/10.1007/s44163-026-01452-4,Article
AI and engineering careers: recent graduates’ outlook on opportunities and challenges,International Journal of STEM Education,,,,10.1186/s40594-025-00583-x,Julie P. MartinJennifer S. BrownIsaac D. DunmoyeLandon T. SmithDeepthi E. SureshPaul A. Jensen,2025,https://link.springer.com/article/10.1186/s40594-025-00583-x,Article
Affective economies of AI in digitalised higher education,Higher Education,,,,10.1007/s10734-026-01628-y,Karen Gravett,2026,https://link.springer.com/article/10.1007/s10734-026-01628-y,Article
Towards deployment-centric multimodal AI beyond vision and language,Nature Machine Intelligence,,,,10.1038/s42256-025-01116-5,Xianyuan LiuJiayang ZhangShuo ZhouThijs L. van der PlasAvish VijayaraghavanAnastasiia GrishinaMengdie ZhuangDaniel SchofieldChristopher TomlinsonYuhan WangRuizhe LiLouisa van ZeelandSina TabakhiCyndie DemeocqXiang LiArunav DasOrlando TimmermanThomas Baldwin-McDonaldJinge WuPeizhen BaiZahraa Al SahiliOmnia AlwazzanThao N. DoMohammod N. I. SuvonAngeline WangLucia Cipolina-KunLuigi A. MorettiLucas FarndaleNitisha JainNatalia EfremovaYan GeMarta VarelaHak-Keung LamOya CeliktutanBen R. EvansAlejandro Coca-CastroHonghan WuZahraa S. AbdallahChen ChenValentin DanchevNataliya TkachenkoLei LuTingting ZhuGregory G. SlabaughRoger K. MooreWilliam K. CheungPeter H. CharltonHaiping Lu,2025,https://link.springer.com/article/10.1038/s42256-025-01116-5,Article
The 3D model of ethical AI practice,AI and Ethics,,,,10.1007/s43681-025-00812-7,Brian BallAlice C. Helliwell,2025,https://link.springer.com/article/10.1007/s43681-025-00812-7,Article
Ethical AI and Responsible AI Practices in Business,ICT: Applications and Social Interfaces,,,,10.1007/978-3-032-19672-9_25,Pratibha JagtapTejashri GhadagePrachi Nayakal,2026,https://link.springer.com/chapter/10.1007/978-3-032-19672-9_25,Conference paper
Critical Engagement: The Value of Transparency of AI in Healthcare,Philosophy & Technology,,,,10.1007/s13347-025-01009-w,James Edgar LimOwen SchaeferJulian Savulescu,2025,https://link.springer.com/article/10.1007/s13347-025-01009-w,Article
"Navigating the AI Frontier in Toxicology: Trends, Trust, and Transformation",Current Environmental Health Reports,,,,10.1007/s40572-025-00514-6,Thomas LuechtefeldThomas Hartung,2025,https://link.springer.com/article/10.1007/s40572-025-00514-6,Article
Disagreement between human and AI evaluation of treatment plans,Scientific Reports,,,,10.1038/s41598-026-35406-8,Dipayan SenguptaSaumya Panda,2026,https://link.springer.com/article/10.1038/s41598-026-35406-8,Article
Mindset matters: Fostering teachers’ responsible AI use through professional development,Journal of New Approaches in Educational Research,,,,10.1007/s44322-025-00043-y,Luna HuynhTam. H. LeBelle DangBien Thuy AnCam Tu VuAndy Nguyen,2025,https://link.springer.com/article/10.1007/s44322-025-00043-y,Article
4E cognition and the coevolution of human–AI interaction,Discover Artificial Intelligence,,,,10.1007/s44163-025-00595-0,Jörg Noller,2025,https://link.springer.com/article/10.1007/s44163-025-00595-0,Article
Establishing organizational AI governance in healthcare: a case study in Canada,npj Digital Medicine,,,,10.1038/s41746-025-01909-3,Jee Young KimAlifia HasanJacqueline KueperTerence TangChris HayesBenjamin FineSuresh BaluMark Sendak,2025,https://link.springer.com/article/10.1038/s41746-025-01909-3,Article
Exploring the Relationship Between Human-Centric AI and firm Idiosyncratic Risks,Information Systems Frontiers,,,,10.1007/s10796-026-10759-7,Zhen-yuan Ralph LiuYu-ting WangJia-jia YanShivam GuptaMihalis Giannakis,2026,https://link.springer.com/article/10.1007/s10796-026-10759-7,Article
Mosaic: model-based safety analysis for AI-enabled cyber physical system,Empirical Software Engineering,,,,10.1007/s10664-025-10778-z,Xuan XieJiayang SongZhehua ZhouFuyuan ZhangLei Ma,2026,https://link.springer.com/article/10.1007/s10664-025-10778-z,Article
"AI, Deskilling, and the Prospects for Public Reason",Minds and Machines,,,,10.1007/s11023-025-09737-w,Avigail Ferdman,2025,https://link.springer.com/article/10.1007/s11023-025-09737-w,Article
Concurrent AI-human interaction in prostate cancer MRI interpretation: More hype than help?,European Radiology Experimental,,,,10.1186/s41747-026-00695-1,Andrea PonsiglioneGiuseppe Di CostanzoAlfonso Maria PonsiglioneCiro RiccioAndrea RinaldoAnna Giacoma TucciLorenzo PintoLuigi PalumboFrancesca AngeloneFrancesco AmatoArnaldo StanzioneRenato CuocoloRossano GiromettiAnwar R. PadhaniMassimo Imbriaco,2026,https://link.springer.com/article/10.1186/s41747-026-00695-1,Article
Ethical considerations of AI-driven education based on student’s AI use in selected Nigerian universities,Discover Education,,,,10.1007/s44217-026-01545-3,Patience Ebekeyi BakreFa’iza Tukur-Bello,2026,https://link.springer.com/article/10.1007/s44217-026-01545-3,Article
Ethical insights into AI-driven caries detection: a scoping review,BDJ Open,,,,10.1038/s41405-025-00366-0,Tahoora YousufMadiha KhanRobia Ghafoor,2025,https://link.springer.com/article/10.1038/s41405-025-00366-0,Article
AI-driven discovery and design of antimicrobial peptides,Science China Technological Sciences,,,,10.1007/s11431-025-3100-9,Xintian ShenYouxiang WangPeng ZhangJian Ji,2025,https://link.springer.com/article/10.1007/s11431-025-3100-9,Article
The necessity of AI audit standards boards,AI & SOCIETY,,,,10.1007/s00146-025-02320-y,David ManheimSammy MartinMark BaileyMikhail SaminRoss Greutzmacher,2025,https://link.springer.com/article/10.1007/s00146-025-02320-y,Article
"Sustainable AI integration in research: ethics, equity, and long-term impact",AI and Ethics,,,,10.1007/s43681-025-00966-4,Aftab AraSwetapadma Dash,2026,https://link.springer.com/article/10.1007/s43681-025-00966-4,Article
Harnessing Artificial Intelligence (AI) for enhanced organizational performance in public sectors,Humanities and Social Sciences Communications,,,,10.1057/s41599-026-06571-y,Nhon Hoang ThanhBac Truong Cong,2026,https://link.springer.com/article/10.1057/s41599-026-06571-y,Article
Mind the Gap: Human and AI Uncertainties in Cardiac MRI Segmentation,Cardiovascular Engineering and Technology,,,,10.1007/s13239-026-00832-2,Qiao LinXin ChenChao ChenNikesh JathannaPeter P. SwobodaShahnaz Jamil-CopleyJonathan M. Garibaldi,2026,https://link.springer.com/article/10.1007/s13239-026-00832-2,Article
Enhancing collaborative learning through AI-powered feedback systems,International Journal of Data Science and Analytics,,,,10.1007/s41060-025-00882-0,Xin QiJianlong ZhouYifei DongFang Chen,2025,https://link.springer.com/article/10.1007/s41060-025-00882-0,Article
Ethical AI in the workplace: ensuring fairness and transparency,AI and Ethics,,,,10.1007/s43681-025-00903-5,Mariitta RauhalaMerja DrakePirjo Saaranen,2025,https://link.springer.com/article/10.1007/s43681-025-00903-5,Article
Beyond Algorithmic Authority: Why AI Cannot Replicate Chinese Paternalistic Leadership,Philosophy of Management,,,,10.1007/s40926-026-00383-5,Martin SposatoChristina Nizamidou,2026,https://link.springer.com/article/10.1007/s40926-026-00383-5,Article
Tracking the structural evolution of AI research: a longitudinal framework,AI & SOCIETY,,,,10.1007/s00146-025-02835-4,Elinor HuntAndrew Crawley,2026,https://link.springer.com/article/10.1007/s00146-025-02835-4,Article
Applications of AI in precision agriculture,Discover Agriculture,,,,10.1007/s44279-025-00220-9,Garima GuptaSudhir Kumar Pal,2025,https://link.springer.com/article/10.1007/s44279-025-00220-9,Article
Higher education and quality assurance: coping mechanism in the age of AI,SN Social Sciences,,,,10.1007/s43545-026-01511-8,Hany Zaky,2026,https://link.springer.com/article/10.1007/s43545-026-01511-8,Article
"Architecting open, accountable, and trustworthy AI-IDEs",Automated Software Engineering,,,,10.1007/s10515-026-00608-x,Albert ContrerasEsther GuerraJuan de Lara,2026,https://link.springer.com/article/10.1007/s10515-026-00608-x,Article
AI Think Therefore AI Exist,Garden of Wisdom,,,,10.1007/978-3-031-83085-3_105,Sharon Gal-Or,2025,https://link.springer.com/chapter/10.1007/978-3-031-83085-3_105,Chapter
"Outsourcing thinking to AI? Focused immersion, AI dependency, and the double-edged impact on critical thinking",Humanities and Social Sciences Communications,,,,10.1057/s41599-026-07153-8,Jinrui TianRonghua Zhang,2026,https://link.springer.com/article/10.1057/s41599-026-07153-8,Article
ThinkSono artificial intelligence (AI)-guided compression ultrasound in deep vein thrombosis,Gefässchirurgie,,,,10.1007/s00772-026-01343-z,Aristotelis G. YfantisEfthymios D. Avgerinos,2026,https://link.springer.com/article/10.1007/s00772-026-01343-z,Article
Auditable AI: tracing the ethical history of a model,AI and Ethics,,,,10.1007/s43681-025-00910-6,Lev Goukassian,2025,https://link.springer.com/article/10.1007/s43681-025-00910-6,Article
"Open and sustainable AI: challenges, opportunities and the road ahead in the life sciences",Nature Methods,,,,10.1038/s41592-026-03037-6,Gavin FarrellEleni AdamidiRafael Andrade BuonoMihail AntonOmar Abdelghani AttafiSalvador Capella GutierrezEmidio CapriottiLeyla Jael CastroDavide CirilloLisa CrossmanChristophe DessimozAlexandros DimopoulosRaúl Fernández-DíazStyliani-Christina FragkouliCarole GobleWei GuJohn M. HancockAlireza KhanteymooriTom LenaertsFabio G. LiberantePeter MaccallumAlexander Miguel MonzonMagnus PalmbladLucy PovedaOvidiu RadulescuDenis C. ShieldsShoaib SufiThanasis VergoulisFotis PsomopoulosSilvio C. E. Tosatto,2026,https://link.springer.com/article/10.1038/s41592-026-03037-6,Article
Auditing unauthorized training data from AI generated content using information isotopes,Nature Communications,,,,10.1038/s41467-026-68862-x,Tao QiJinhua YinDongqi CaiYueqi XieHuili WangZhiyang HuPeiru YangGuoshun NanZhili ZhouChuhan WuLingjuan LyuShangguang WangYongfeng HuangNicholas D. Lane,2026,https://link.springer.com/article/10.1038/s41467-026-68862-x,Article
The New ‘Parent’ Corporation (Moral Responsibility for Sophisticated AI Systems),Journal of Business Ethics,,,,10.1007/s10551-026-06374-w,Patrick Dieveney,2026,https://link.springer.com/article/10.1007/s10551-026-06374-w,Article
"Coding Hair, Coding Identity: AI-Generated Storyworlds and Representations of Blackness",Children's Literature in Education,,,,10.1007/s10583-026-09671-0,Gamze Ar,2026,https://link.springer.com/article/10.1007/s10583-026-09671-0,Article
What neuroscience can tell AI about learning in continuously changing environments,Nature Machine Intelligence,,,,10.1038/s42256-025-01146-z,Daniel DurstewitzBruno AverbeckGeorgia Koppe,2025,https://link.springer.com/article/10.1038/s42256-025-01146-z,Article
Beyond inclusion: feminist AI for transformative justice in STEM,AI and Ethics,,,,10.1007/s43681-026-01161-9,Tanja Kubes,2026,https://link.springer.com/article/10.1007/s43681-026-01161-9,Article
Programmed to please: the moral and epistemic harms of AI sycophancy,AI and Ethics,,,,10.1007/s43681-026-01007-4,Cody TurnerNir Eisikovits,2026,https://link.springer.com/article/10.1007/s43681-026-01007-4,Article
Acceptance of AI applications among teachers and student teachers,Discover Education,,,,10.1007/s44217-025-00637-w,Gerhard BrandhoferKarin Tengler,2025,https://link.springer.com/article/10.1007/s44217-025-00637-w,Article
Algorithmic Governance: Gender Bias in AI-Generated Policymaking?,Human-Centric Intelligent Systems,,,,10.1007/s44230-025-00109-2,Dialekti Athina VoutyrakouConstantine Skordoulis,2025,https://link.springer.com/article/10.1007/s44230-025-00109-2,Article
Redefining academic integrity: patterns of assignment cheating with generative AI tools,AI and Ethics,,,,10.1007/s43681-025-00863-w,Yasemin KAHYAOĞLU ERDOĞMUŞSebahat Sevgi UYGUR,2025,https://link.springer.com/article/10.1007/s43681-025-00863-w,Article
Explainability in AI-enabled medical neurotechnology: a scoping review,Journal of NeuroEngineering and Rehabilitation,,,,10.1186/s12984-026-01892-0,Laura SchoppGeorg StarkeMarcello Ienca,2026,https://link.springer.com/article/10.1186/s12984-026-01892-0,Article
"Non-discrimination law, the GDPR, the AI act and the - now withdrawn - AI liability directive proposal offering gateways to pre-trial knowledge of algorithmic discrimination",AI and Ethics,,,,10.1007/s43681-025-00754-0,Ljupcho Grozdanovski,2025,https://link.springer.com/article/10.1007/s43681-025-00754-0,Article
Building Custom AI Applications Using SAP Business AI Foundation,Building an Intelligent Enterprise with SAP Business AI,,,,10.1007/979-8-8688-1980-3_6,Avijit Dhar,2026,https://link.springer.com/chapter/10.1007/979-8-8688-1980-3_6,Chapter
Digital learning innovation: engineering students’ learning motivation for AI scaffolding,Educational technology research and development,,,,10.1007/s11423-025-10576-w,Jung Sun SungWenhao David Huang,2025,https://link.springer.com/article/10.1007/s11423-025-10576-w,Article
Utilizing AI CAD for early pandemic screening in chest radiographs,Scientific Reports,,,,10.1038/s41598-025-14195-6,Young Beom Kim,2026,https://link.springer.com/article/10.1038/s41598-025-14195-6,Article
Challenges for generative AI in legal reasoning,Discover Artificial Intelligence,,,,10.1007/s44163-026-00902-3,Eljas LinnaTuula Linna,2026,https://link.springer.com/article/10.1007/s44163-026-00902-3,Article
"Sustainable Pathways to Trustworthy AI in Pharmaceutical Manufacturing: A Comparative Analysis of Explainable AI (XAI), Human‑in‑the‑Loop Systems, Hybrid AI, and Uncertainty Quantification Techniques",International Journal of Computational Intelligence Systems,,,,10.1007/s44196-026-01408-7,Nima Alizadeh RaefSiamak PedrammehrFatemeh Hamedi,2026,https://link.springer.com/article/10.1007/s44196-026-01408-7,Article
Technology and AI,The Palgrave Encyclopedia of Leadership and Organizational Change,,,,10.1007/978-3-031-51650-4_159-1,Peter SmithLaura Smith,2026,https://link.springer.com/rwe/10.1007/978-3-031-51650-4_159-1,Living reference work entry
A systematic literature review of artificial intelligence (AI) transparency laws in the European Union (EU) and United Kingdom (UK): a socio-legal approach to AI transparency governance,AI and Ethics,,,,10.1007/s43681-025-00674-z,Joshua KrookPeter WinterJohn DownerJan Blockx,2025,https://link.springer.com/article/10.1007/s43681-025-00674-z,Article
Covert perception of AI adversely impacts team performance and changes physiological dynamics despite human-level AI competence,npj Artificial Intelligence,,,,10.1038/s44387-026-00130-1,Yinuo QinRichard T. LeePaul Sajda,2026,https://www.nature.com/articles/s44387-026-00130-1,Article
Revolutionizing spine surgery with emerging AI–FEA integration,Journal of Robotic Surgery,,,,10.1007/s11701-025-02772-w,Christopher FranceschiniMohsen AhmadiXuanzong ZhangKelly WuMaohua LinRidge WestonAngela RodioYufei TangErik EngebergGui PiresTalha S. CheemaFrank D. Vrionis,2025,https://link.springer.com/article/10.1007/s11701-025-02772-w,Article
Can AI make scientific discoveries?,Philosophical Studies,,,,10.1007/s11098-025-02299-8,Marianna Bergamaschi Ganapini,2025,https://link.springer.com/article/10.1007/s11098-025-02299-8,Article
Toward trustworthy healthcare AI: designing academic research for translation readiness,Molecular Systems Biology,,,,10.1038/s44320-026-00219-4,Achim HeklerFlorian Buettner,2026,https://link.springer.com/article/10.1038/s44320-026-00219-4,Article
AI hallucinations in academic writing: implications for research integrity,Naunyn-Schmiedeberg's Archives of Pharmacology,,,,10.1007/s00210-026-05494-4,Louie GirayMd. Emdadul IslamJohn Arvin Glo,2026,https://link.springer.com/article/10.1007/s00210-026-05494-4,Article
Detection of AI versus human-authored narratives: individual versus group aesthetic appreciation,Humanities and Social Sciences Communications,,,,10.1057/s41599-026-07289-7,Xuelian GuanYaojun Rong,2026,https://link.springer.com/article/10.1057/s41599-026-07289-7,Article
Orthodontic knowledge assessment: A comparison of five AI Chatbots,The Saudi Dental Journal,,,,10.1007/s44445-025-00091-2,Zaki HakamiSafeena Abdul Khader SahebOmar A. Bawazeer,2026,https://link.springer.com/article/10.1007/s44445-025-00091-2,Article
Regulating the AI-enabled ecosystem for human therapeutics,Communications Medicine,,,,10.1038/s43856-025-00910-x,Rominder SinghMark PaxtonJared Auclair,2025,https://link.springer.com/article/10.1038/s43856-025-00910-x,Article
Decision making for lunar landing applications using AI agents and reinforcement learning,Astrodynamics,,,,10.1007/s42064-025-0292-2,Tomas NavarroAna StroescuDario IzzoSergio Gálvez RojasFrancisco López Valverde,2026,https://link.springer.com/article/10.1007/s42064-025-0292-2,Article
From AI Literacy to Generative AI Literacy,Bridging Human and Machine: Future Education with Intelligence,,,,10.1007/978-981-95-0950-8,,2026,https://link.springer.com/book/10.1007/978-981-95-0950-8,Book
"Solar thermal systems and AI: Past, present, and future",Journal of Thermal Analysis and Calorimetry,,,,10.1007/s10973-025-14910-5,Pinar Mert CuceEmre AlvurErdem CuceManzoore Elahi M. SoudagarAbdallah BouabidiShaopeng GuoJingyu CaoWaqas KhalidSaad AlshahraniAli Ahmed AlqahtaniNoha A. Mostafa,2025,https://link.springer.com/article/10.1007/s10973-025-14910-5,Article
Cognitive representation and AI wellbeing,Asian Journal of Philosophy,,,,10.1007/s44204-025-00335-2,Adam Bradley,2025,https://link.springer.com/article/10.1007/s44204-025-00335-2,Article
The ethics of erroneous AI-generated scientific figures,Ethics and Information Technology,,,,10.1007/s10676-025-09835-4,Alexander SkulmowskiPatricia Engel-Hermann,2025,https://link.springer.com/article/10.1007/s10676-025-09835-4,Article
Using AI to identify exogenous shocks and conduct archival accounting research,Review of Accounting Studies,,,,10.1007/s11142-026-09967-y,William A. CiconteAndrea M. RozarioOktay Urcan,2026,https://link.springer.com/article/10.1007/s11142-026-09967-y,Article
An AI-aided carbon conversion framework for efficient carbon storage,Journal of King Saud University – Engineering Sciences,,,,10.1007/s44444-025-00051-5,Klemens KatterbauerAbdulaziz Al QasimAlmohannad Al Ghamdi,2025,https://link.springer.com/article/10.1007/s44444-025-00051-5,Article
AI-Aided Urbanism,Tech-Enabled Urbanism and Entrepreneurship for Inclusive Cities,,,,10.1007/978-981-95-3873-7_2,Wang ZhangHee Sun Choi,2026,https://link.springer.com/chapter/10.1007/978-981-95-3873-7_2,Chapter
Apologizing artificial intelligence: designing and evaluating effective AI apologies after errors,AI & SOCIETY,,,,10.1007/s00146-026-03067-w,Ofir TurelTingru Cui,2026,https://link.springer.com/article/10.1007/s00146-026-03067-w,Article
AI in medical devices: regulatory challenges and the path forward,Health and Technology,,,,10.1007/s12553-026-01077-8,Fabiola M. Martinez-Licona,2026,https://link.springer.com/article/10.1007/s12553-026-01077-8,Article
Student reactions to AI versus human feedback in teamwork skills assessment,International Journal of Educational Technology in Higher Education,,,,10.1186/s41239-025-00555-9,Igor KotlyarJoe Krasman,2025,https://link.springer.com/article/10.1186/s41239-025-00555-9,Article
"Autonomy, Paternalism, and AI-Driven Nudges",Philosophy & Technology,,,,10.1007/s13347-025-01003-2,Stephanie Sheintul,2025,https://link.springer.com/article/10.1007/s13347-025-01003-2,Article
Can AI mimic the human ability to define neologisms?,International Journal of Speech Technology,,,,10.1007/s10772-025-10216-x,Georgios P. Georgiou,2025,https://link.springer.com/article/10.1007/s10772-025-10216-x,Article
Smarter stem cells: how AI is supercharging iPSC technology,Cell and Tissue Research,,,,10.1007/s00441-025-03999-7,Hany E. Marei,2025,https://link.springer.com/article/10.1007/s00441-025-03999-7,Article
Shaping AI,,,,,9783032223678,,2026,https://link.springer.com/book/9783032223678,Book
A multidimensional study of AI adoption among University students in teacher education programs,Smart Learning Environments,,,,10.1186/s40561-025-00422-0,Senad BećirovićEdda PolzIsabella Tinkel,2025,https://link.springer.com/article/10.1186/s40561-025-00422-0,Article
Generative AI,,,,,9789819513772,Usman QamarMuhammad Summair Raza,2026,https://link.springer.com/book/9789819513772,Textbook
Emotional Resonance: Exploring the Emotional Effects of AI-Generated and Real Music,Journal of Shanghai Jiaotong University (Science),,,,10.1007/s12204-026-2905-1,Cuiping ZhuLin ShenZhonghao ZhaoRuobing LiHaodong LuJingwen XuKun QianBin HuBjörn W. SchullerYoshiharu Yamamoto,2026,https://link.springer.com/article/10.1007/s12204-026-2905-1,Article
How AI Will Monetize Education: Response to Dekker and Hermans,Philosophy & Technology,,,,10.1007/s13347-026-01115-3,Michał Wieczorek,2026,https://link.springer.com/article/10.1007/s13347-026-01115-3,Article
AI Emotion Recognition and Affective Injustice,Erkenntnis,,,,10.1007/s10670-025-01049-w,Michael T. DaleSteven Gubka,2025,https://link.springer.com/article/10.1007/s10670-025-01049-w,Article
People process technology and operations framework for establishing AI governance in healthcare organizations,npj Digital Medicine,,,,10.1038/s41746-026-02419-6,Jee Young KimAlifia HasanSuresh BaluMark Sendak,2026,https://link.springer.com/article/10.1038/s41746-026-02419-6,Article
University students’ perceptions and adoptions of AI: a cross-national study,Discover Artificial Intelligence,,,,10.1007/s44163-026-01042-4,Fernando Marmolejo-RamosRhoda AbadiaÖzge KarakaleCarlos Barrera-CausilNiko MännikköBabak Daneshvar GhorbaniArtur StrzeleckiStella NwizuCélia TavaresMauricio CastilloBruno EscajalPilar RodriguezBidisha SomVan Giang NgoAsil Ali ÖzdoğruKris AriyabuddhiphongsSantat ThongrinJulian Tejada,2026,https://link.springer.com/article/10.1007/s44163-026-01042-4,Article
Ethical considerations of AI integration in palliative care: a qualitative study,BMC Palliative Care,,,,10.1186/s12904-026-02059-3,Mengying QiuYijin WuLan ZengFengying Zhang,2026,https://link.springer.com/article/10.1186/s12904-026-02059-3,Article
Advancing adversarial and LLM robustness in trustworthy AI: a comprehensive survey,Artificial Intelligence Review,,,,10.1007/s10462-026-11558-x,Qingzhe TangJingwei QianXiaozhi DuShijiao WangHairui Liu,2026,https://link.springer.com/article/10.1007/s10462-026-11558-x,Article
Beyond the black box: lessons in explainability from AI in mammography,Artificial Intelligence Review,,,,10.1007/s10462-026-11518-5,Andrea CiardielloAnna D’AngeloLuigi De AngelisStefano GiaguEvis SalaGuido Gigante,2026,https://link.springer.com/article/10.1007/s10462-026-11518-5,Article
AI in remote sensing and satellite image processing-a review,Environmental Earth Sciences,,,,10.1007/s12665-025-12798-w,Ondrej KrejcarHamidreza Namazi,2026,https://link.springer.com/article/10.1007/s12665-025-12798-w,Article
Empowering Women Healthcare by Leveraging Mendix and Generative AI Adoption,SN Computer Science,,,,10.1007/s42979-026-05027-z,Anjali AgarwalAjanta Das,2026,https://link.springer.com/article/10.1007/s42979-026-05027-z,Article
Systematic literature review on bias mitigation in generative AI,AI and Ethics,,,,10.1007/s43681-025-00721-9,Juveria AfreenMahsa MohagheghMaryam Doborjeh,2025,https://link.springer.com/article/10.1007/s43681-025-00721-9,Article
"Trust, Explainability and AI",Philosophy & Technology,,,,10.1007/s13347-024-00837-6,Sam Baron,2025,https://link.springer.com/article/10.1007/s13347-024-00837-6,Article
"Government regulation or industry self-regulation of AI? Investigating the relationships between uncertainty avoidance, people’s AI risk perceptions, and their regulatory preferences in Europe",AI & SOCIETY,,,,10.1007/s00146-024-02138-0,Bartosz WilczekSina Thäsler-KordonouriMaximilian Eder,2024,https://link.springer.com/article/10.1007/s00146-024-02138-0,Article
AI-nanotech synergies: recent advances in sustainable bio-manufacturing,World Journal of Microbiology and Biotechnology,,,,10.1007/s11274-026-05067-w,Pooja SharmaSanamdeep Singh,2026,https://link.springer.com/article/10.1007/s11274-026-05067-w,Article
How students use generative AI for software testing: An observational study,Empirical Software Engineering,,,,10.1007/s10664-026-10898-0,Baris ArdicQuentin Le DilavrecAndy Zaidman,2026,https://link.springer.com/article/10.1007/s10664-026-10898-0,Article
"Depend less, think more: How AI knowledge empowers doctoral students’ innovation behavior",Education and Information Technologies,,,,10.1007/s10639-025-13882-1,Xuan HeHuan HuangJiangyu Li,2026,https://link.springer.com/article/10.1007/s10639-025-13882-1,Article
Recent Advances in Generative AI for Healthcare Applications,Journal of Imaging Informatics in Medicine,,,,10.1007/s10278-026-01908-0,Yasin ShokrollahiJose ColmenarezWenxi LiuSahar YarmohammadtooskyMatthew M. NikahdPengfei DongXianqi LiLinxia Gu,2026,https://link.springer.com/article/10.1007/s10278-026-01908-0,Article
Detecting doctrinal flattening in AI generated responses,AI and Ethics,,,,10.1007/s43681-026-01051-0,Jason Owen,2026,https://link.springer.com/article/10.1007/s43681-026-01051-0,Article
The Impact of Modern AI in Metadata Management,Human-Centric Intelligent Systems,,,,10.1007/s44230-025-00106-5,Wenli YangRui FuMuhammad Bilal AminByeong Kang,2025,https://link.springer.com/article/10.1007/s44230-025-00106-5,Article
Opportunistic AI-derived adiposity measures from coronary artery calcium scans predict new-onset type 2 diabetes in adults without obesity or hyperglycemia: insights from the AI-CVD study within MESA,Diabetology & Metabolic Syndrome,,,,10.1186/s13098-025-01970-8,Morteza NaghaviAmir AzimiKyle AtlasAnthony P. ReevesChenyu ZhangJakob WasserthalSeyed Reza MirjaliliMohammadhossein MozafarybazarganyAli HashemiThomas AtlasClaudia I. HenschkeDavid F. YankelevitzJeffrey I. MechanickAndrea D. BranchSusan K. FriedKhurram NasirZahi A. FayadMichael V. McConnellRozemarijn VliegenthartDavid J. MaronJagat NarulaKim  A. Williams SrPrediman K. ShahMatthew J. BudoffDaniel LevyEmelia J. BenjaminRobert A. KlonerNathan D. Wong,2025,https://link.springer.com/article/10.1186/s13098-025-01970-8,Article
AI: Inclusive Innovation or Digital Dispossession? Inequality and African Ways of Knowing,Digital Society,,,,10.1007/s44206-026-00248-4,Lebogang Peter KhozaZikhona Necolette Ngqula,2026,https://link.springer.com/article/10.1007/s44206-026-00248-4,Article
AI-CAD for diagnostic mammography: comparison to radiologists according to different indications,European Radiology,,,,10.1007/s00330-025-12232-6,Si Eun LeeHye Sun LeeVivian Youngjean ParkMin Jung KimEun-Kyung KimJung Hyun Yoon,2025,https://link.springer.com/article/10.1007/s00330-025-12232-6,Article
How weak AI promotes exercise in China: evidence from CLDS2018,BMC Public Health,,,,10.1186/s12889-025-26114-5,Qifei Xia,2026,https://link.springer.com/article/10.1186/s12889-025-26114-5,Article
AI policy in healthcare: a checklist-based methodology for structured implementation,"Journal of Anesthesia, Analgesia and Critical Care",,,,10.1186/s44158-025-00278-3,Elena BignamiLuigino Jalale DarhourGabriele FrancoMatteo GuarnieriValentina Bellini,2025,https://link.springer.com/article/10.1186/s44158-025-00278-3,Article
Integrating AI Scribes into Medical Education: Guardrails for Preserving Clinical Reasoning,Journal of General Internal Medicine,,,,10.1007/s11606-025-10149-w,Jane AbernethyAnna  ShahBelinda  ChenStasia  ReynoldsScott M WrightPaul O’Rourke,2026,https://link.springer.com/article/10.1007/s11606-025-10149-w,Article
Advancing healthcare AI governance through a comprehensive maturity model based on systematic review,npj Digital Medicine,,,,10.1038/s41746-026-02418-7,Rowan HusseinAnna ZinkBashar RamadanFrederick M. HowardMaia HightowerSachin ShahBrett K. Beaulieu-Jones,2026,https://link.springer.com/article/10.1038/s41746-026-02418-7,Article
Ethically charged decisions and the future of ‘AI Ethics’,AI & SOCIETY,,,,10.1007/s00146-025-02573-7,Alessandra Buccella,2025,https://link.springer.com/article/10.1007/s00146-025-02573-7,Article
Legal liability of physicians and new governance in the AI era,Japanese Journal of Radiology,,,,10.1007/s11604-026-01997-5,Daiju UedaTakafumi OchiaiTaichi KakinumaHirokazu YamaguchiAkihiro FukudaKenichi SaitoHirotaka TakitaYasuhito MitsuyamaShannon WalstonYukio Miki,2026,https://link.springer.com/article/10.1007/s11604-026-01997-5,Article
"Scopus AI Among Novice Lecturers: Perceptions, Influencing Factors, Institutional Support",The Asia-Pacific Education Researcher,,,,10.1007/s40299-026-01099-w,Wei Lun WongLawrence Jun ZhangJessie Barrot,2026,https://link.springer.com/article/10.1007/s40299-026-01099-w,Article
Evaluating GenAI for automated EU AI Act compliance against human experts,Discover Artificial Intelligence,,,,10.1007/s44163-026-01196-1,Maria Assunta CappelliLéonore BozovicGiovanna Di Marzo SerugendoJose Luis Fernandez-Marquez,2026,https://link.springer.com/article/10.1007/s44163-026-01196-1,Article
AI in Geriatric Medicine and Serious Illness Care,Current Geriatrics Reports,,,,10.1007/s13670-025-00445-y,Samarth RawalAmit Arvind Shah,2025,https://link.springer.com/article/10.1007/s13670-025-00445-y,Article
Laypersons’ perceptions and misconceptions of AI-chatbots: a systematic review,Universal Access in the Information Society,,,,10.1007/s10209-026-01323-w,Maria SchnellerJonas SeierDietrich Albert,2026,https://link.springer.com/article/10.1007/s10209-026-01323-w,Article
Current AI technologies in cancer diagnostics and treatment,Molecular Cancer,,,,10.1186/s12943-025-02369-9,Ashutosh TiwariSoumya MishraTsung-Rong Kuo,2025,https://link.springer.com/article/10.1186/s12943-025-02369-9,Article
"Machine, organism and language: a comparative epistemology of AI models",AI & SOCIETY,,,,10.1007/s00146-026-03094-7,Matteo Pasquinelli,2026,https://link.springer.com/article/10.1007/s00146-026-03094-7,Article
The Role of Explainability In AI-Driven Financial Decision Making,Information Systems Frontiers,,,,10.1007/s10796-026-10727-1,Athina IoannouM. Mahdi TavalaeiDorthea VatnPatrick Mikalef,2026,https://link.springer.com/article/10.1007/s10796-026-10727-1,Article
The Role of Gender Equality in Ethical AI Development for Sustainable Societies,Gender Issues,,,,10.1007/s12147-026-09417-8,Arzu Kilitci CalayirCeren Cubukcu CerasiYavuz Selim Balcioglu,2026,https://link.springer.com/article/10.1007/s12147-026-09417-8,Article
Why care resists coding: the moral limits of medical AI,BMC Medical Ethics,,,,10.1186/s12910-026-01467-7,Nils-Frederic Wagner,2026,https://link.springer.com/article/10.1186/s12910-026-01467-7,Article
Ensemble Experiments in an AI-NWP Coupled Framework: A Typhoon Case,Journal of Meteorological Research,,,,10.1007/s13351-025-5038-9,Yangjinxi GeDonghai WangZheng YangJunying SunYu JiangJiangli ZuoSunyi YuanFengxian Wang,2025,https://link.springer.com/article/10.1007/s13351-025-5038-9,Article
AI Mimicking and Interpreting Humans: Legal and Ethical Reflections,Journal of Bioethical Inquiry,,,,10.1007/s11673-025-10424-9,J. M. Paterson,2025,https://link.springer.com/article/10.1007/s11673-025-10424-9,Article
Let’s Talk AI with AI Expert José Hernández-Orallo,Let’s Talk AI,,,,10.1007/978-3-032-09008-9_13,José Hernández-OralloBarbara Steffen,2026,https://link.springer.com/chapter/10.1007/978-3-032-09008-9_13,Chapter
AI and disabled people’s independent living: a framework for analysis,AI & SOCIETY,,,,10.1007/s00146-025-02642-x,Teodor Mladenov,2025,https://link.springer.com/article/10.1007/s00146-025-02642-x,Article
Rethinking trust in AI: empirical insights from labor and healthcare domains,Communication and Change,,,,10.1007/s44382-026-00029-0,Younbo JungPoong OhJiajing Zhai,2026,https://link.springer.com/article/10.1007/s44382-026-00029-0,Article
The impact of generative AI on social media: an experimental study,Scientific Reports,,,,10.1038/s41598-026-40110-8,Anders Giovanni MøllerDaniel M. RomeroDavid JurgensLuca Maria Aiello,2026,https://link.springer.com/article/10.1038/s41598-026-40110-8,Article
The representation problem in AI ethics,AI & SOCIETY,,,,10.1007/s00146-025-02538-w,Bin Ye,2025,https://link.springer.com/article/10.1007/s00146-025-02538-w,Article
Advocating for trust in and trustworthy AI to transform evidence synthesis,Environmental Evidence,,,,10.1186/s13750-025-00369-2,Isabel K. Fletcher,2025,https://link.springer.com/article/10.1186/s13750-025-00369-2,Article
The epistemic readiness gap: rethinking AI readiness indices through ILIA 2025,AI & SOCIETY,,,,10.1007/s00146-026-03087-6,Inti Josue Cachipuendo-Contero,2026,https://link.springer.com/article/10.1007/s00146-026-03087-6,Article
AI Safety,Artificial Intelligence Security and Safety,,,,10.1007/978-981-96-9263-7_6,Zhihong TianShen Su,2025,https://link.springer.com/chapter/10.1007/978-981-96-9263-7_6,Chapter
Humanizing AI News Anchors: Ethical Risks in Asian Broadcast Media,Society,,,,10.1007/s12115-025-01145-1,Hendry Roris P. Sianturi,2025,https://link.springer.com/article/10.1007/s12115-025-01145-1,Article
Practical applications of AI in body imaging,Abdominal Radiology,,,,10.1007/s00261-025-05088-3,Benjamin M. MervakJessica G. FriedJulian NeshewatAshish P. Wasnik,2025,https://link.springer.com/article/10.1007/s00261-025-05088-3,Article
Impact of AI development on green total factor productivity,Scientific Reports,,,,10.1038/s41598-025-06461-4,Wenhao DingPan Hu,2025,https://link.springer.com/article/10.1038/s41598-025-06461-4,Article
Designing Modular AI Systems with the AI=MC2 Taxonomy,Managing and Understanding Artificial Intelligence: From Classical to Generative AI,,,,10.1007/978-3-032-00533-5_11,Thomas SchmidWolfgang HildesheimTaras Holoyad,2026,https://link.springer.com/chapter/10.1007/978-3-032-00533-5_11,Chapter
Responsible AI,AI Strategy and Security,,,,10.1007/979-8-8688-1733-5_6,Donnie W. Wendt,2025,https://link.springer.com/chapter/10.1007/979-8-8688-1733-5_6,Chapter
Ameliorative medical AI: feminist hermeneutics and algorithmic normativity in healthcare,AI & SOCIETY,,,,10.1007/s00146-026-02890-5,Daan Kenis,2026,https://link.springer.com/article/10.1007/s00146-026-02890-5,Article
Human-alignment influences the utility of AI-assisted decision making,Scientific Reports,,,,10.1038/s41598-025-12205-1,Nina L. Corvelo BenzManuel Gomez Rodriguez,2025,https://link.springer.com/article/10.1038/s41598-025-12205-1,Article
A fully hardware-managed scheduling architecture for AI accelerators,Journal of King Saud University Computer and Information Sciences,,,,10.1007/s44443-026-00513-z,Libo ChengLiang YangJian ShaoXinyi GuRong QianXinwei ZhangDonghao LiHongbin WangXiaoqi Xia,2026,https://link.springer.com/article/10.1007/s44443-026-00513-z,Article
Where and How AI Shapes our Thinking is the Key Point,Philosophy & Technology,,,,10.1007/s13347-026-01080-x,Francesco Bianchini,2026,https://link.springer.com/article/10.1007/s13347-026-01080-x,Article
Safe for kids? AI medical devices in radiology overlook paediatric suitability,European Radiology,,,,10.1007/s00330-025-11975-6,Brendan S. KellyJennifer LeeEdward AntramOwen ArthursSusan C. Shelmerdine,2025,https://link.springer.com/article/10.1007/s00330-025-11975-6,Article
Organisational tensions in introducing socially sustainable AI,AI & SOCIETY,,,,10.1007/s00146-025-02293-y,Marinka LanneMika NieminenJaana Leikas,2025,https://link.springer.com/article/10.1007/s00146-025-02293-y,Article
Assessing computer science student attitudes towards AI ethics and policy,AI and Ethics,,,,10.1007/s43681-025-00817-2,James WeichertDayoung KimQin ZhuJunghwan KimHoda Eldardiry,2025,https://link.springer.com/article/10.1007/s43681-025-00817-2,Article
OpenRad: a curated repository of open-access AI models for radiology,European Radiology,,,,10.1007/s00330-026-12650-0,Konstantinos VrettosGalini PapadakiEmmanouil BrilakisMatthaios TriantafyllouDimitrios LeventisDespina StarakiMaria MavroforouEleftherios TzanisKonstantina GiouroukouMichail E. Klontzas,2026,https://link.springer.com/article/10.1007/s00330-026-12650-0,Article
Nova Tellus: Integrating Blockchain and AI for Advanced Agricultural Management,SN Computer Science,,,,10.1007/s42979-026-04723-0,Nicola BonavitaClaudio Di FlorioValerio EspositoEmanuela GuglielmiRocco OlivetoRemo PareschiFrancesco SalzanoSimone Scalabrino,2026,https://link.springer.com/article/10.1007/s42979-026-04723-0,Article
Using Generative AI in nursing education: Students’ perceptions,BMC Medical Education,,,,10.1186/s12909-025-07416-z,Zuheir N. KhlaifNisreen SalamehMousa AjouzAllam MousaJamil ItmaziAbdallah AlwawiAidah Alkaissi,2025,https://link.springer.com/article/10.1186/s12909-025-07416-z,Article
How would (operations management) research and education evolve in the AI era?,Operations Management Research,,,,10.1007/s12063-026-00603-1,Dmitry Ivanov,2026,https://link.springer.com/article/10.1007/s12063-026-00603-1,Article
Enablers and barriers to AI adoption: evidence from the heavy machinery industry,Discover Artificial Intelligence,,,,10.1007/s44163-026-01038-0,Alena ValtonenKirsi KokkonenMinna SaunilaFrancesco VerdojaGrzegorz OrzechowskiEmil KurvinenPäivi AaltonenJussi Salakka,2026,https://link.springer.com/article/10.1007/s44163-026-01038-0,Article
Ask ChatGPT: caveats and mitigations for individual users of AI chatbots,AI and Ethics,,,,10.1007/s43681-026-01089-0,Chengen WangMurat Kantarcioglu,2026,https://link.springer.com/article/10.1007/s43681-026-01089-0,Article
Key AI features to support scrum software engineering: practitioners’ perspective,Empirical Software Engineering,,,,10.1007/s10664-026-10876-6,Damjan FujsPetar KochovskiVlado StankovskiDamjan Vavpotič,2026,https://link.springer.com/article/10.1007/s10664-026-10876-6,Article
Perceptions of AI-based tools among polish medical university students,BMC Medical Education,,,,10.1186/s12909-025-08326-w,Piotr RatajczakOliwia SłowikJulia CynarDorota KopciuchAnna PaczkowskaTomasz ZaprutkoKrzysztof Kus,2025,https://link.springer.com/article/10.1186/s12909-025-08326-w,Article
Categorical framework for quantum-resistant zero-trust AI security,Scientific Reports,,,,10.1038/s41598-026-37190-x,I. CherkaouiC. ClarkeJ. HorganI. Dey,2026,https://link.springer.com/article/10.1038/s41598-026-37190-x,Article
Science Educators’ Attitudes and Perspectives on Artificial Intelligence (SEAP-AI) Scale,Journal of Science Education and Technology,,,,10.1007/s10956-026-10302-y,Gary W. WrightBrayan DiazSam von Gillern,2026,https://link.springer.com/article/10.1007/s10956-026-10302-y,Article
"Advancements, challenges, and prospects of explainable AI in sleep disordered breathing",Sleep and Breathing,,,,10.1007/s11325-026-03674-3,Daniil LisikTai DinhDing Zou,2026,https://link.springer.com/article/10.1007/s11325-026-03674-3,Article
Towards human-AI collaborative learning: synergizing self-regulation and artificial-intelligence literacy,Education and Information Technologies,,,,10.1007/s10639-025-13880-3,Long ZhangShijun Cindy Chen,2026,https://link.springer.com/article/10.1007/s10639-025-13880-3,Article
Does Trustworthy AI Motivate Generative AI Usage?,Intelligence and Equity: Shaping the Future of Knowledge,,,,10.1007/978-981-95-4861-3_4,Sei-Ching Joanna Sin,2026,https://link.springer.com/chapter/10.1007/978-981-95-4861-3_4,Conference paper
"AI Trustworthiness Index for Healthcare (AITI-H): conceptualization, structure, and development",AI and Ethics,,,,10.1007/s43681-026-01102-6,Hanif Abdul RahmanAmirul Ariffin NoraidiHein Minn Tun,2026,https://link.springer.com/article/10.1007/s43681-026-01102-6,Article
AI Identities,,,,,10.1007/979-8-8688-2034-2,Rosario Mastrogiacomo,2026,https://link.springer.com/book/10.1007/979-8-8688-2034-2,Book
On the Fundamental Limitations of AI Moral Advisors,Philosophy & Technology,,,,10.1007/s13347-025-00896-3,Matthieu Queloz,2025,https://link.springer.com/article/10.1007/s13347-025-00896-3,Article
May AI be sustainable? An outlook on sustainability and technology,AI & SOCIETY,,,,10.1007/s00146-025-02804-x,Aleksandr KondratenkoAnna KondratenkoKonstantin Kamberov,2025,https://link.springer.com/article/10.1007/s00146-025-02804-x,Article
Is a score enough? Pitfalls and solutions for AI severity scores,European Radiology Experimental,,,,10.1186/s41747-025-00603-z,Michael H. BernsteinMarly van AssenMichael A. BrunoElizabeth A. KrupinskiCarlo De CeccoGrayson L. Baird,2025,https://link.springer.com/article/10.1186/s41747-025-00603-z,Article
AI/ML for VLSI chip design automation: a comprehensive survey,Proceedings of the Indian National Science Academy,,,,10.1007/s43538-026-00744-8,Jayashree M. SabaradSridhar IyerRahul Jashvantbhai Pandya,2026,https://link.springer.com/article/10.1007/s43538-026-00744-8,Article
Augmented reality microscopy to bridge trust between AI and pathologists,npj Precision Oncology,,,,10.1038/s41698-025-00899-5,Sunil BadveGeorge L. KumarTobias LangEli PeiginJames PrattRobert AndersDeyali ChatterjeeRaul S. GonzalezRondell P. GrahamAlyssa M. KrasinskasXiuli LiuAlexander QuaasRomil SaxenaNamrata SetiaLaura TangHanlin L. WangJosef RüschoffHans-Ulrich SchildhausKhalid DaifallaMarc PäpperPatrick FreyFelix FaberMaria Karasarides,2025,https://link.springer.com/article/10.1038/s41698-025-00899-5,Article
Framework for AI integration into the undergraduate medical curricula: a scoping review,BMC Medical Education,,,,10.1186/s12909-026-08620-1,D. Cheng Eunice Y.S. ChanY. SongA. CuiA. ChangW. Wang,2026,https://link.springer.com/article/10.1186/s12909-026-08620-1,Article
Legal Zero-Days: a novel risk vector for advanced AI systems,AI and Ethics,,,,10.1007/s43681-026-01189-x,Greg SadlerNathan Sherburn,2026,https://link.springer.com/article/10.1007/s43681-026-01189-x,Article
"Desire without satisfaction: object a, symbolic authority, and human–AI interaction",AI & SOCIETY,,,,10.1007/s00146-026-03115-5,Bilal Hamamra,2026,https://link.springer.com/article/10.1007/s00146-026-03115-5,Article
"Explainable AI in healthcare: to explain, to predict, or to describe?",Diagnostic and Prognostic Research,,,,10.1186/s41512-025-00213-8,Alex CarrieroAnne de HondBram CappersFernando PaulovichSanne AbelnKarel GM MoonsMaarten van Smeden,2025,https://link.springer.com/article/10.1186/s41512-025-00213-8,Article
Biomimetic hairy affective-touch sensory AI interface,Nature Communications,,,,10.1038/s41467-026-70334-1,Jianlong HongYukun XiaoYuqi ChenShengshun DuanShengxin XiangXiao WeiHuiyun ZhangLei LiuJun XiaWei LeiQiongfeng ShiChengkuo LeeJun Wu,2026,https://link.springer.com/article/10.1038/s41467-026-70334-1,Article
"AI, Law and beyond. A transdisciplinary ecosystem for the future of AI &amp; Law",Artificial Intelligence and Law,,,,10.1007/s10506-024-09404-y,Floris J. Bex,2024,https://link.springer.com/article/10.1007/s10506-024-09404-y,Article
AI-based image quality assessment of positioning in mammography: considerations and challenges,Insights into Imaging,,,,10.1186/s13244-025-02191-3,Tina SantnerMickael TardyJohanne-Gro StalheimStephanie FreiWolfram SantnerStefano GianoliniMalik GalijasevicMarthe LarsenJonas GjesvikSolveig HofvindGerlig Widmann,2026,https://link.springer.com/article/10.1186/s13244-025-02191-3,Article
Metaethical perspectives on ‘benchmarking’ AI ethics,AI and Ethics,,,,10.1007/s43681-025-00703-x,Travis LaCroixAlexandra Sasha Luccioni,2025,https://link.springer.com/article/10.1007/s43681-025-00703-x,Article
Artificially voiced intelligences: voice and the myth of AI,AI & SOCIETY,,,,10.1007/s00146-025-02383-x,Francesco Bentivegna,2025,https://link.springer.com/article/10.1007/s00146-025-02383-x,Article
AI-aided diagnostic performance for prostate MRI: systematic review and meta-analysis,Prostate Cancer and Prostatic Diseases,,,,10.1038/s41391-025-01053-9,Xin-Ru XieYing HouShuai ShanRui ZhiChen-Jiang WuYi-Fan XiaWei XiZhen LiYu-Dong Zhang,2025,https://link.springer.com/article/10.1038/s41391-025-01053-9,Article
Artificial intelligence (AI) adoption and its perceptions among smallholder women farmers in Kenya,Discover Agriculture,,,,10.1007/s44279-026-00626-z,Eucabeth MajiwaAngella K. NdakaHarriet RatemoEvans Agembo,2026,https://link.springer.com/article/10.1007/s44279-026-00626-z,Article
Why Clinical Trials Will Fail to Ensure Safe AI,Journal of Medical Systems,,,,10.1007/s10916-025-02231-x,David P. W. RastallMohamed Rehman,2025,https://link.springer.com/article/10.1007/s10916-025-02231-x,Article
LLM-Based AI Agent for Virtual Network Function Deployment,Journal of Network and Systems Management,,,,10.1007/s10922-026-10078-x,Sukhyun NamNguyen Van TuJames Won-Ki Hong,2026,https://link.springer.com/article/10.1007/s10922-026-10078-x,Article
Data security storage and transmission framework for AI computing power platforms,Scientific Reports,,,,10.1038/s41598-025-31786-5,Jiefei ChenZhiliang LuHua ZhengZhengguo RenYuanfeng ChenJianing Shang,2026,https://link.springer.com/article/10.1038/s41598-025-31786-5,Article
Young children’s understanding of AI,Education and Information Technologies,,,,10.1007/s10639-024-13169-x,Dagmar Mercedes HeegLucy Avraamidou,2024,https://link.springer.com/article/10.1007/s10639-024-13169-x,Article
Theory of Mind in Human-AI Interaction and AI,Handbook of Human-Centered Artificial Intelligence,,,,10.1007/978-981-95-3658-0_6,Sarah WalshQiaosi WangLance Ying,2026,https://link.springer.com/rwe/10.1007/978-981-95-3658-0_6,Reference work entry
Clinician perspectives on explainability in AI-driven closed-loop neurotechnology,Scientific Reports,,,,10.1038/s41598-025-19510-9,Laura SchoppGeorg StarkeMarcello Ienca,2025,https://link.springer.com/article/10.1038/s41598-025-19510-9,Article
Students’ psychological biases towards teacher and AI-generated feedback: an experimental study,BMC Psychology,,,,10.1186/s40359-026-04568-5,Haiyan Yu,2026,https://link.springer.com/article/10.1186/s40359-026-04568-5,Article
Self-efficacy in AI-assisted L2 academic writing: scale development and validation,BMC Psychology,,,,10.1186/s40359-026-04503-8,Guangyuan YaoLingxi Fan,2026,https://link.springer.com/article/10.1186/s40359-026-04503-8,Article
Advanced AI-Driven Cybersecurity: Analyzing Emerging Threats and Defensive Strategies,National Academy Science Letters,,,,10.1007/s40009-025-01897-8,Ali KhatibiSiddiq BabakerK. N. Raja PraveenJasgurpreet Singh ChohanAbhilasha JadhavAnas Ratib AlsoudM. Janaki RamuduRubal Jeet,2025,https://link.springer.com/article/10.1007/s40009-025-01897-8,Article
"Prompt, negate, repeat: a Hegelian meditation on AI",AI & SOCIETY,,,,10.1007/s00146-025-02802-z,Dwayne Woods,2025,https://link.springer.com/article/10.1007/s00146-025-02802-z,Article
AI governance: a systematic literature review,AI and Ethics,,,,10.1007/s43681-024-00653-w,Amna BatoolDidar ZowghiMuneera Bano,2025,https://link.springer.com/article/10.1007/s43681-024-00653-w,Article
The convergence of AI and synthetic biology: the looming deluge,npj Biomedical Innovations,,,,10.1038/s44385-025-00021-1,Cindy S. Groff-VindmanBenjamin D. TrumpChristopher L. CummingsMadison SmithAlexander J. TitusKen OyeValentina PradoEyup TurmusIgor Linkov,2025,https://www.nature.com/articles/s44385-025-00021-1,Article
Operational responsibility in AI governance: a user-centric liability framework,AI and Ethics,,,,10.1007/s43681-026-01163-7,Zhengyang Chen,2026,https://link.springer.com/article/10.1007/s43681-026-01163-7,Article
How do Arabic college students perceive AI in L2 poetry interpretation?,Asian-Pacific Journal of Second and Foreign Language Education,,,,10.1186/s40862-026-00410-y,Rawan Abdulkarim AlqarawiShahd Alshammari,2026,https://link.springer.com/article/10.1186/s40862-026-00410-y,Article
AI-driven financial fraud: key risks and legal protections for financial institutions,Journal of Banking Regulation,,,,10.1057/s41261-025-00304-y,Vitaliy ShpachukOlena MarkovaBogdan Adamyk,2026,https://link.springer.com/article/10.1057/s41261-025-00304-y,Article
Factors influencing AI acceptance in radiology: a systematic review across the radiology workflow,European Radiology,,,,10.1007/s00330-025-12129-4,Jamie VerweyBora ZwartMaarten IJzermanJacob J. VisserSandra Sülz,2025,https://link.springer.com/article/10.1007/s00330-025-12129-4,Article
Mediating the post-human: cultural implications of generative AI in everyday communication,Computational and Mathematical Organization Theory,,,,10.1007/s10588-025-09415-3,Rouying FanYue Yuxin Li,2026,https://link.springer.com/article/10.1007/s10588-025-09415-3,Article
Datacenters as core infrastructure of urban AI,Nature Cities,,,,10.1038/s44284-026-00421-3,Alok Tiwari,2026,https://link.springer.com/article/10.1038/s44284-026-00421-3,Article
Mobile AI: Communication and Mobility After the Smartphone,Communication and Change,,,,10.1007/s44382-025-00002-3,Gerard Goggin,2025,https://link.springer.com/article/10.1007/s44382-025-00002-3,Article
Mothers of invention: decoding future imaginaries in AI narratives,AI & SOCIETY,,,,10.1007/s00146-026-02918-w,Amaia Robertson Nogues,2026,https://link.springer.com/article/10.1007/s00146-026-02918-w,Article
Factors affecting innovative teaching methods with AI transnational higher education in Bangladesh,Discover Education,,,,10.1007/s44217-026-01220-7,Md Mominur RahmanMd. MoniruzzamanAbdur Rahim KhanMohammad Ekramol IslamHasibul IslamFoday JoofAbu Bakkar Siddik,2026,https://link.springer.com/article/10.1007/s44217-026-01220-7,Article
Building an AI ecosystem in a small nation: lessons from Singapore’s journey to the forefront of AI,Humanities and Social Sciences Communications,,,,10.1057/s41599-024-03289-7,Shaleen KhanalHongzhou ZhangAraz Taeihagh,2024,https://link.springer.com/article/10.1057/s41599-024-03289-7,Article
"Artificial intelligence and scientific peer review: human centered, AI enabled",Journal of Materials Science,,,,10.1007/s10853-026-12902-w,David CannT. Wesley Surta,2026,https://link.springer.com/article/10.1007/s10853-026-12902-w,Article
A Biological Learning Theory: How We Learn in the Era of AI,Journal of Science Education and Technology,,,,10.1007/s10956-026-10340-6,Brayan DíazZvi BekermanMiguel Nussbaum,2026,https://link.springer.com/article/10.1007/s10956-026-10340-6,Article
"Transformational Leadership, AI Competitiveness, and Project Performance: A Moderation Analysis",International Journal of Global Business and Competitiveness,,,,10.1007/s42943-025-00124-x,Kingsley Ofosu-AmpongJulius Adu-Ntim,2025,https://link.springer.com/article/10.1007/s42943-025-00124-x,Article
Evaluating AI guidelines in leading family medicine journals: a cross-sectional study,BMC Primary Care,,,,10.1186/s12875-025-03044-0,Cameron O’BrienZohaib ThayaniTim SmithAndrew V. TranPatrick CrottyAlec YoungAlicia Ito FordMatt Vassar,2025,https://link.springer.com/article/10.1186/s12875-025-03044-0,Article
AI for marketing: Enabler? Engager? Ersatz?,AMS Review,,,,10.1007/s13162-024-00293-7,Sreedhar MadhavaramRadha Appan,2024,https://link.springer.com/article/10.1007/s13162-024-00293-7,Article
Real-world performance of an AI system for diabetic retinopathy screening,Scientific Reports,,,,10.1038/s41598-026-37292-6,Lina BerradaLaurent CrenierMaria LytriviAgnes BurniatElie MotulskyMiriam Cnop,2026,https://link.springer.com/article/10.1038/s41598-026-37292-6,Article
Speculative institutional grammars: rethinking the limits of participatory AI,AI & SOCIETY,,,,10.1007/s00146-026-02998-8,Denisa Reshef Kera,2026,https://link.springer.com/article/10.1007/s00146-026-02998-8,Article
Polished pixels: impact of AI compression on image-based evidence,Multimedia Tools and Applications,,,,10.1007/s11042-026-21317-3,Sandra BergmannDenise MoussaChristian Riess,2026,https://link.springer.com/article/10.1007/s11042-026-21317-3,Article
SurgiCut-AI: an AI-driven tool for predicting surgical site infections following ventral hernia repair using pre- and intra-operative parameters,Hernia,,,,10.1007/s10029-025-03498-2,Rijhul LahariyaAshesh Kumar JhaMainak SinhaPrashant Kumar SinghShiv Shankar PaswanManasi ManasviManoj Kumar,2026,https://link.springer.com/article/10.1007/s10029-025-03498-2,Article
Imploding between the facts and concerns: analysing human–AI musical interaction,Humanities and Social Sciences Communications,,,,10.1057/s41599-025-04533-4,Kelsey CottonAnna-Kaisa KailaPetra JääskeläinenAndré HolzapfelKıvanç Tatar,2025,https://link.springer.com/article/10.1057/s41599-025-04533-4,Article
Analyzing the consumer interaction with generative AI-provided content in digital marketing,Electronic Commerce Research,,,,10.1007/s10660-026-10154-z,Jun DengChangsong Song,2026,https://link.springer.com/article/10.1007/s10660-026-10154-z,Article
Prompt Matters: How Pedagogical Engineering Shapes Behavior and Engagement with AI Tutors,"Technology, Knowledge and Learning",,,,10.1007/s10758-026-09983-6,Kelly Miller,2026,https://link.springer.com/article/10.1007/s10758-026-09983-6,Article
Navigating the AI revolution: will radiology sink or soar?,Japanese Journal of Radiology,,,,10.1007/s11604-025-01810-9,Heinz-Peter Schlemmer,2025,https://link.springer.com/article/10.1007/s11604-025-01810-9,Article
AI-powered image standardization in microphysiological system platforms,JMST Advances,,,,10.1007/s42791-025-00112-5,Wooju ParkChaerin KimJihoon Ko,2025,https://link.springer.com/article/10.1007/s42791-025-00112-5,Article
Ethical aspects of AI use in the circular economy,AI & SOCIETY,,,,10.1007/s00146-025-02436-1,Iryna Bashynska,2025,https://link.springer.com/article/10.1007/s00146-025-02436-1,Article
Cognitive bias in generative AI influences religious education,Scientific Reports,,,,10.1038/s41598-025-99121-6,Jing ZhangWenlong SongYang Liu,2025,https://link.springer.com/article/10.1038/s41598-025-99121-6,Article
A comprehensive review of applications of AI technologies in higher engineering education,Discover Education,,,,10.1007/s44217-025-00954-0,Chao Liu,2025,https://link.springer.com/article/10.1007/s44217-025-00954-0,Article
The impact of AI anxiety on career decisions of college students,Scientific Reports,,,,10.1038/s41598-026-37648-y,Ninggui DuanLina LiGuangbo LinHao Chen,2026,https://link.springer.com/article/10.1038/s41598-026-37648-y,Article
AI and the Complexity of Pain,Philosophy & Technology,,,,10.1007/s13347-025-00988-0,Hadeel Naeem,2025,https://link.springer.com/article/10.1007/s13347-025-00988-0,Article
A scoping review and evidence gap analysis of clinical AI fairness,npj Digital Medicine,,,,10.1038/s41746-025-01667-2,Mingxuan LiuYilin NingSalinelat TeixayavongXiaoxuan LiuMayli MertensYuqing ShangXin LiDi MiaoJingchi LiaoJie XuDaniel Shu Wei TingLionel Tim-Ee ChengJasmine Chiat Ling OngZhen Ling TeoTing Fang TanNarrendar RaviChandranFei WangLeo Anthony CeliMarcus Eng Hock OngNan Liu,2025,https://link.springer.com/article/10.1038/s41746-025-01667-2,Article
Building early AI literacy: developing a pedagogical framework for early childhood education,"AI, Brain and Child",,,,10.1007/s44436-026-00030-w,Yufeng Qian,2026,https://link.springer.com/article/10.1007/s44436-026-00030-w,Article
Kindergarten parents’ perceptions of the use of AI technologies and AI literacy education: Positive views but practical concerns,Education and Information Technologies,,,,10.1007/s10639-024-12673-4,Jiahong Su,2024,https://link.springer.com/article/10.1007/s10639-024-12673-4,Article
AI-Powered Chatbots,AI-Enabled Apps with .NET MAUI,,,,10.1007/979-8-8688-1817-2_5,Codrina Merigo,2026,https://link.springer.com/chapter/10.1007/979-8-8688-1817-2_5,Chapter
Constraining Unaccountable AI with the Militant Pragmatism of Everyday Institutions,Philosophy & Technology,,,,10.1007/s13347-026-01051-2,Benjamin Gregg,2026,https://link.springer.com/article/10.1007/s13347-026-01051-2,Article
Integrating AI with innovation and entrepreneurship education in universities,Discover Artificial Intelligence,,,,10.1007/s44163-025-00538-9,Lu Zhang,2025,https://link.springer.com/article/10.1007/s44163-025-00538-9,Article
A meta-analysis of AI-enabled personalized STEM education in schools,International Journal of STEM Education,,,,10.1186/s40594-025-00566-y,Shanshan LiChengze ZengHuaiya LiuJiyou JiaMin LiangYinging ChaCher Ping LimXiaomeng Wu,2025,https://link.springer.com/article/10.1186/s40594-025-00566-y,Article
Current status and solutions for AI ethics in ophthalmology: a bibliometric analysis,npj Digital Medicine,,,,10.1038/s41746-025-01976-6,Xinwei ChenYahan YangDongyuan YunRuixin WangYuanfan LinMingjie LuoWeixing ZhangPatrick Yu-Wai-ManMatthew BurtonLingyi LiangHaotian Lin,2025,https://link.springer.com/article/10.1038/s41746-025-01976-6,Article
Generative AI,Procedural Content Generation via Machine Learning,,,,10.1007/978-3-031-84756-1_11,Matthew GuzdialSam SnodgrassAdam Summerville,2025,https://link.springer.com/chapter/10.1007/978-3-031-84756-1_11,Chapter
Ethical and equitable approaches in AI for vector-borne disease management,AI and Ethics,,,,10.1007/s43681-025-00933-z,Jessica J. WilliamsIoanna AngelidouMaria CholviPerparim KadriajAngeliki F. MartinouNadejda MocreacSong-Quan OngFerhat SadakJiří SkuhrovecEnkelejda VeloBranimir K. Hackenberger,2025,https://link.springer.com/article/10.1007/s43681-025-00933-z,Article
The Formula of Humanity and AI Use,Philosophy & Technology,,,,10.1007/s13347-026-01100-w,Martin Sticker,2026,https://link.springer.com/article/10.1007/s13347-026-01100-w,Article
Leveraging artificial intelligence (AI) to enhance student engagement and academic performance in higher education,Education and Information Technologies,,,,10.1007/s10639-026-13946-w,Abubakar Hassan,2026,https://link.springer.com/article/10.1007/s10639-026-13946-w,Article
Generative AI voting: fair collective choice is resilient to LLM biases and inconsistencies,EPJ Data Science,,,,10.1140/epjds/s13688-025-00612-3,Srijoni MajumdarEdith ElkindEvangelos Pournaras,2026,https://link.springer.com/article/10.1140/epjds/s13688-025-00612-3,Article
"Fostering AI alignment through blockchain, proof of personhood and zero knowledge proofs",Cluster Computing,,,,10.1007/s10586-025-05729-8,Alexander NeulingerLukas Sparer,2025,https://link.springer.com/article/10.1007/s10586-025-05729-8,Article
AI Based Diagnosis of Chronic Obstructive Pulmonary Disease: Acomparative Review,Archives of Computational Methods in Engineering,,,,10.1007/s11831-025-10382-w,Dhanashree Vipul YevlePalvinder Singh MannDinesh Kumar,2025,https://link.springer.com/article/10.1007/s11831-025-10382-w,Article
Advancing human–AI teams: evolving from instrumental tools to trusted partners,AI & SOCIETY,,,,10.1007/s00146-026-02977-z,Shruthi Venkatesha MurthyYoungnoh GohYejin LeeSang-Hwan Kim,2026,https://link.springer.com/article/10.1007/s00146-026-02977-z,Article
AI humanizers and the crisis of information integrity: implications for scientific writing,Naunyn-Schmiedeberg's Archives of Pharmacology,,,,10.1007/s00210-026-05200-4,Louie Giray,2026,https://link.springer.com/article/10.1007/s00210-026-05200-4,Article
Racial bias in AI-generated images,AI & SOCIETY,,,,10.1007/s00146-025-02282-1,Yiran Yang,2025,https://link.springer.com/article/10.1007/s00146-025-02282-1,Article
How AI shapes self-regulated learning in foreign language education,Discover Computing,,,,10.1007/s10791-025-09801-0,Fanfan HouChangyin Zhou,2025,https://link.springer.com/article/10.1007/s10791-025-09801-0,Article
The New Economy of Algorithmic Enrichment: Accounting for AI Errors,Digital Society,,,,10.1007/s44206-026-00246-6,Claudia Aradau,2026,https://link.springer.com/article/10.1007/s44206-026-00246-6,Article
Linguistic features of AI mis/disinformation and the detection limits of LLMs,Nature Communications,,,,10.1038/s41467-025-67145-1,Yulong MaXinsheng ZhangJinge RenRunzhou WangMinghu WangYang Chen,2025,https://link.springer.com/article/10.1038/s41467-025-67145-1,Article
Enhancing dental clinical education through AI: insights into post-clinical summaries,BMC Medical Education,,,,10.1186/s12909-026-08774-y,Feng LuoJinle LiTianxu ZhangBo HuangLi JiangChengge HuaPei Hu,2026,https://link.springer.com/article/10.1186/s12909-026-08774-y,Article
Exploring acceptability of AI-enabled voice assistants and digital AI humans in healthcare: a cross-sectional survey,AI & SOCIETY,,,,10.1007/s00146-025-02332-8,Oliver MilesSofia PinckardMurat GungorDamien RidgeTom Nadarzynski,2025,https://link.springer.com/article/10.1007/s00146-025-02332-8,Article
Comparing AI-Assisted Coding and Traditional Qualitative Analysis: a Study Examining Differences in Methods and Results of AI-Assisted Coding and Traditional Content Coding Using Community Engagement Data Collected During the Development of a Municipal Food Plan,Prevention Science,,,,10.1007/s11121-026-01904-4,Natalie PoulosHannah PriceLauren BellCourtney Byrd-WilliamsSergio Torres-PeraltaEdwin Marty,2026,https://link.springer.com/article/10.1007/s11121-026-01904-4,Article
Impact of AI assistance on radiologist interpretation of knee MRI,European Radiology,,,,10.1007/s00330-025-11820-w,Guillaume HerpeTom VesoulPascal ZilleEtienne PluotRaphael GuillinBenoit RizkRoberto ArdonChloe AdamGaspard d’AssigniesPedro Augusto Gondim Teixeira,2025,https://link.springer.com/article/10.1007/s00330-025-11820-w,Article
Data Understanding for Data-Centric AI,Business & Information Systems Engineering,,,,10.1007/s12599-026-00987-1,Joshua HolsteinPhilipp SpitzerSamuel GenschMarieke HoellMichael VössingNiklas Kühl,2026,https://link.springer.com/article/10.1007/s12599-026-00987-1,Article
AI Adoption in Family Businesses’ Talent Management: A Literature Review,International Journal of Global Business and Competitiveness,,,,10.1007/s42943-025-00120-1,Rimpa PalBhaskar Bhowmick,2025,https://link.springer.com/article/10.1007/s42943-025-00120-1,Article
Generational differences in AI adoption among fashion curation platform users,Fashion and Textiles,,,,10.1186/s40691-025-00448-5,Dayun JeongYoung Sam Kim,2025,https://link.springer.com/article/10.1186/s40691-025-00448-5,Article
Institutional trust and AI-assisted surgery in the US: implications for ethical governance,AI and Ethics,,,,10.1007/s43681-026-01140-0,Ayotunde Giwa,2026,https://link.springer.com/article/10.1007/s43681-026-01140-0,Article
Basics for the Future – Basic Competency Shifts in the AI Era,Business & Information Systems Engineering,,,,10.1007/s12599-026-01001-4,Frederik SchöttlJulia Zeller-LanzlHenner Gimpel,2026,https://link.springer.com/article/10.1007/s12599-026-01001-4,Article
Who uses general-purpose AI? A typology of ChatGPT early adopters,Electronic Markets,,,,10.1007/s12525-025-00853-0,Christoph GerlingTimm TeubnerFabian Braesemann,2026,https://link.springer.com/article/10.1007/s12525-025-00853-0,Article
Enhancing AI Education Through Practical IoT Applications and Gesture Recognition,Frontiers of Digital Education,,,,10.1007/s44366-025-0066-7,Yoshiyasu Takefuji,2025,https://link.springer.com/article/10.1007/s44366-025-0066-7,Article
The impact of leadership on AI deployment study outcomes in healthcare: an integrative analysis,npj Digital Medicine,,,,10.1038/s41746-025-02177-x,Qilu LiPeilin LiHaijing HaoRema PadmanHewitt GaoJ. Travis GosseyJiang BianYiye Zhang,2025,https://link.springer.com/article/10.1038/s41746-025-02177-x,Article
Ethical implications of AI-mediated interspecies communication,AI and Ethics,,,,10.1007/s43681-025-00828-z,Ahmet Küçükuncular,2025,https://link.springer.com/article/10.1007/s43681-025-00828-z,Article
"Reinforcement Learning for Human-AI Collaboration: Challenges, Mechanisms, and Methods",Cognitive Computation,,,,10.1007/s12559-025-10500-7,Wei LiHongming LiuKaizhu HuangAmir Hussain,2025,https://link.springer.com/article/10.1007/s12559-025-10500-7,Article
Saving Teacher Labor? Questioning the Magic of AI with Pre-Service Teachers,TechTrends,,,,10.1007/s11528-026-01180-7,Jacob PleasantsDaniel KrutkaAlexandra Thrall,2026,https://link.springer.com/article/10.1007/s11528-026-01180-7,Article
Exploring the impact of explainable AI and cognitive capabilities on users’ decisions,User Modeling and User-Adapted Interaction,,,,10.1007/s11257-025-09438-0,Federico Maria CauLucio Davide Spano,2025,https://link.springer.com/article/10.1007/s11257-025-09438-0,Article
AI governance <i>after</i> MiFID II: beyond (mere) technological neutrality?,ERA Forum,,,,10.1007/s12027-026-00871-1,Alessio Azzutti,2026,https://link.springer.com/article/10.1007/s12027-026-00871-1,Article
Integrating AI literacy into teacher education: a critical perspective paper,Discover Artificial Intelligence,,,,10.1007/s44163-025-00475-7,Roula Daher,2025,https://link.springer.com/article/10.1007/s44163-025-00475-7,Article
AI as Infrastructure,The Palgrave Encyclopedia of Leadership and Organizational Change,,,,10.1007/978-3-031-51650-4_208-1,Mihaela Kafedzhiyska,2026,https://link.springer.com/rwe/10.1007/978-3-031-51650-4_208-1,Living reference work entry
Balancing innovation and integrity: AI in tax administration and taxpayer rights,Humanities and Social Sciences Communications,,,,10.1057/s41599-025-06099-7,Evgeny Guglyuvatyy,2025,https://link.springer.com/article/10.1057/s41599-025-06099-7,Article
"AI-driven carbon capture, utilization, and storage (CCUS) for decarbonizing energy systems",Applied Intelligence,,,,10.1007/s10489-026-07298-8,Seyedeh Azadeh Alavi-BorazjaniMuhammad Noman ShafiqueShehar Yar Khan,2026,https://link.springer.com/article/10.1007/s10489-026-07298-8,Article
Is AI Art Theft? The Moral Foundations of Copyright Law in the Context of AI Image Generation,Philosophy & Technology,,,,10.1007/s13347-024-00797-x,Eric Shoemaker,2024,https://link.springer.com/article/10.1007/s13347-024-00797-x,Article
Modular eFAST tissue phantom for AI-based ultrasound triage,BioMedical Engineering OnLine,,,,10.1186/s12938-025-01448-8,"Isiah MejiaSofia I. Hernandez Torres
Carlos BedollaRachel GathrightTheodore WinterKrysta-Lynn AmezcuaEric J. Snider",2025,https://link.springer.com/article/10.1186/s12938-025-01448-8,Article
"AI-driven design: a comprehensive review of its methodologies, applications, and challenges",Structural and Multidisciplinary Optimization,,,,10.1007/s00158-026-04331-9,Jiquan YanWeifei HuYifeng ZhaoTongzhou ZhangFeng ZhaoJianhao FangWei ShiJianrong Tan,2026,https://link.springer.com/article/10.1007/s00158-026-04331-9,Article
AI Security,Artificial Intelligence Security and Safety,,,,10.1007/978-981-96-9263-7_5,Zhaoquan GuLe WangDenghui ZhangBinxing Fang,2025,https://link.springer.com/chapter/10.1007/978-981-96-9263-7_5,Chapter
AI Ethics by Design with AI Reference Architecture: Embedding Ethics by Design in AI Architecture,Engineering Ethics of AI by Design,,,,10.1007/978-981-95-2909-4_9,Muthu Ramachandran,2026,https://link.springer.com/chapter/10.1007/978-981-95-2909-4_9,Chapter
Organizational AI adoption: a bane or a boon for employee thriving at work?,Asia Pacific Journal of Management,,,,10.1007/s10490-025-10104-7,Zhe ZhangQuanyi Gao,2026,https://link.springer.com/article/10.1007/s10490-025-10104-7,Article
Trust in AI Feedback: Challenges in Pharmacy Education,Medical Science Educator,,,,10.1007/s40670-025-02440-6,Lanfranco Pellesi,2025,https://link.springer.com/article/10.1007/s40670-025-02440-6,Article
A validated framework for responsible AI in healthcare autonomous systems,Scientific Reports,,,,10.1038/s41598-025-25266-z,Turki Alelyani,2025,https://link.springer.com/article/10.1038/s41598-025-25266-z,Article
Fast and Precise: AI Medical Devices at the Intersection of Speed and Accuracy,Current Pharmacology Reports,,,,10.1007/s40495-026-00450-5,Rashib SethManju NagpalRajan SwamiMalkiet Kaur,2026,https://link.springer.com/article/10.1007/s40495-026-00450-5,Article
Decoding traditional knowledge: AI-powered solutions for preservation and interpretation,AI & SOCIETY,,,,10.1007/s00146-026-03010-z,Gayathri Shama BhatShekinah PaulineSasikanth ChemalamudiPriyanka SrinivasKavish Kumar Jain,2026,https://link.springer.com/article/10.1007/s00146-026-03010-z,Article
Exploring AI-Driven Feedback as a Cultural Tool: A Cultural-Historical Perspective on Design of AI Environments to Support Students’ Writing Process,Integrative Psychological and Behavioral Science,,,,10.1007/s12124-025-09894-8,Irina EngenessSiv M. Gamlem,2025,https://link.springer.com/article/10.1007/s12124-025-09894-8,Article
Human-AI experience in integrated development environments: a systematic literature review,Empirical Software Engineering,,,,10.1007/s10664-025-10793-0,Agnia SergeyukIlya ZakharovEkaterina KoshchenkoMaliheh Izadi,2026,https://link.springer.com/article/10.1007/s10664-025-10793-0,Article
AI Solutions,Artificial Intelligence for Logistics 5.0,,,,10.1007/978-3-031-94046-0_3,Bernardo Nicoletti,2025,https://link.springer.com/chapter/10.1007/978-3-031-94046-0_3,Chapter
An emergent order perspective on governance of generative AI,The Review of Austrian Economics,,,,10.1007/s11138-025-00706-1,Timothy G. WoodIlia MurtazashviliMichael J. Madison,2025,https://link.springer.com/article/10.1007/s11138-025-00706-1,Article
With Friends Like These: Love and Friendship with AI Agents,Topoi,,,,10.1007/s11245-025-10247-8,Micah LottWilliam Hasselberger,2025,https://link.springer.com/article/10.1007/s11245-025-10247-8,Article
Between map and maze: reframing trust in healthcare AI,AI & SOCIETY,,,,10.1007/s00146-026-02997-9,Hannah S. PiehlRicky JanssenBart PendersRianne R. R. Fijten,2026,https://link.springer.com/article/10.1007/s00146-026-02997-9,Article
Users’&#xa0;mental models within human–AI interaction: a systematic scoping review,AI & SOCIETY,,,,10.1007/s00146-026-03038-1,Wiebke G. BodamerSanne SchoenmakersElena Nuñez CastellarWijnand A. IJsselsteijn,2026,https://link.springer.com/article/10.1007/s00146-026-03038-1,Article
Dermatologist-like explainable AI enhances melanoma diagnosis accuracy: eye-tracking study,Nature Communications,,,,10.1038/s41467-025-59532-5,Tirtha ChandaSarah HaggenmuellerTabea-Clara BucherTim Holland-LetzHarald KittlerPhilipp TschandlMarkus V. HepptCarola BerkingJochen S. UtikalBastian SchillingClaudia BuergerCristian Navarrete-DechentMatthias GoebelerJakob Nikolas KatherCarolin V. SchneiderBenjamin DuraniHendrike DuraniMartin JansenJuliane WackerJoerg WackerNina BookenVerena Ahlgrimm-SiessJulia WelzelOana-Diana PersaFlorentia DimitriouStephan Alexander BraunLara Valeska MaulAntonia Reimer-TaschenbreckerSandra SchuhFalk G. BecharaLaurence FeldmeyerBeda MühleisenElisabeth GössingerStephan Alexander BraunVan Anh NguyenJulia-Tatjana MaulFriederike HoffmannClaudia PföhlerJanis ThammWiebke Ludwig-PeitschDaniela HartmannLaura Garzona-NavasMartyna SławińskaPanagiota TheofilogiannakouAna Sanader VucemilovicJuan José Lluch-GalceráAude BeyensDilara Ilhan ErdilRym AfiouniVanda Bondare-AnsbergaMartha Alejandra Morales-SánchezArzu FerhatosmanoğluRoque Rafael Oliveira NetoLidija PetrovskaAmalia TsakiriHülya CenkSharon HudsonMiroslav DragolovZorica ZafirovikIvana JocicAlise BalcereZsuzsanna LengyelAlexander SalavaIsabelle HoorensSonia Rodriguez SaaEmõke RáczGabriel SalerniKaren ManuelyanAmr Mohammad AmmarMichael ErdmannNicola WagnerJannik SambaleStephan KemenesMoritz RonickeLukas SollfrankCaroline Bosch-VoskensIoannis SagonasThomas BreakellChristopher UebelLisa ZieringerMichael HoenerLeonie RabeTim SackmannJulia BaumertMarthe Lisa SchaarschmidtNadia NinosuKaan YilmazDanai DionysiaFranca ChristSarah FahimiSabina LoosAni SachweizerJanika GosmannTobias WeberschockUfuk ErdogduAmelie BuchingerJasmin LunderstedtTimo FunkHess KlifoSebastian KieferDietlein KlifoMalin KalskiTitus J. Brinker,2025,https://link.springer.com/article/10.1038/s41467-025-59532-5,Article
The epistemologies of trust: conflicting worldviews in the “Trustworthy AI” discourse,AI and Ethics,,,,10.1007/s43681-026-01087-2,David  A. BroniatowskiAlexa Alice JoubinSusan Ariel AaronsonY. Tony YangNeal SikkaLorien C. AbromsAya ZiriklyZoe Szajnfarber,2026,https://link.springer.com/article/10.1007/s43681-026-01087-2,Article
Molecular sonification: a multi-modal approach for enhanced ai in drug discovery,Medicinal Chemistry Research,,,,10.1007/s00044-026-03549-y,Charles Jianping ZhouEmily Rong Zhou,2026,https://link.springer.com/article/10.1007/s00044-026-03549-y,Article
AI vs. human in customer service: how attribute type changes the game,Marketing Letters,,,,10.1007/s11002-026-09822-9,Fakhri Baghirov,2026,https://link.springer.com/article/10.1007/s11002-026-09822-9,Article
AI for Law and AI Under Law in China,Cloud Computing,,,,10.1007/978-3-031-92517-7_13,Junke XuJian Wang,2026,https://link.springer.com/chapter/10.1007/978-3-031-92517-7_13,Conference paper
Practical AI application in psychiatry: historical review and future directions,Molecular Psychiatry,,,,10.1038/s41380-025-03072-3,Jie SunTangsheng LuXuexiao ShaoYing HanYu XiaYongbo ZhengYongxiang WangXinmin LiArun RavindranLizhou FanYin FangXiujun ZhangNisha RavindranYumei WangXiaoxing LiuLin Lu,2025,https://link.springer.com/article/10.1038/s41380-025-03072-3,Article
Surgeons’ perceptions of artificial intelligence (AI) for gaze guidance in laparoscopic cholecystectomy,Surgical Endoscopy,,,,10.1007/s00464-026-12866-7,Taylor QuinnElena LopezJoseph C. L’HuillierJohn M. WoodwardManohar GolleruRachel ClippAndinet EnquobahrieLora CavuotoSteven D. Schwaitzberg,2026,https://link.springer.com/article/10.1007/s00464-026-12866-7,Article
How generative AI voice agents will transform medicine,npj Digital Medicine,,,,10.1038/s41746-025-01776-y,Scott J. AdamsJulián N. AcostaPranav Rajpurkar,2025,https://link.springer.com/article/10.1038/s41746-025-01776-y,Article
AI for screening in healthcare: promise and challenges,Abdominal Radiology,,,,10.1007/s00261-025-05370-4,Kenichi SaitoShannon L WalstonHirotaka TakitaYasuhito MitsuyamaYuki AritaDaiju Ueda,2026,https://link.springer.com/article/10.1007/s00261-025-05370-4,Article
Accuracy is not all you need! The Reasons to Require AI Explainability,Minds and Machines,,,,10.1007/s11023-026-09768-x,Stefan Buijsman,2026,https://link.springer.com/article/10.1007/s11023-026-09768-x,Article
Hybrid AI approaches for detecting deepfake faces,"Signal, Image and Video Processing",,,,10.1007/s11760-025-05051-1,Ammar OdehOsama Al-Haj HassanAnas Abu Taleb,2025,https://link.springer.com/article/10.1007/s11760-025-05051-1,Article
Aiming Error Analysis of Controlled Turret System With AI Target Recognition,"International Journal of Control, Automation and Systems",,,,10.1007/s12555-024-1015-9,Matthew KarlsonHeng BanDaniel G. ColeMai AbdelhakimJennifer Forsythe,2025,https://link.springer.com/article/10.1007/s12555-024-1015-9,Article
AI Literacy and Trust in AI Among Higher Education Lecturers,Artificial Intelligence in Education Technologies: New Development and Innovative Practices,,,,10.1007/978-981-95-4423-3_49,Dagmar ArchanIvana Krsmanović,2026,https://link.springer.com/chapter/10.1007/978-981-95-4423-3_49,Conference paper
From digital divide to equity-enhancing diffusion: Generative AI and writing quality,AI & SOCIETY,,,,10.1007/s00146-025-02739-3,Rebecca Tukachinsky ForsterKerk KeeGabriel Miao Li,2025,https://link.springer.com/article/10.1007/s00146-025-02739-3,Article
Operationalising responsible AI in the military domain: a context-specific assessment,Ethics and Information Technology,,,,10.1007/s10676-025-09865-y,Herwin MeerveldLonneke PeperkampMarie Šafář PostmaRoy Lindelauf,2025,https://link.springer.com/article/10.1007/s10676-025-09865-y,Article
Deconstructing ‘Responsible AI’: An Examination of Legal and Ethical Accountability Through Virtue Jurisprudence,International Journal for the Semiotics of Law - Revue internationale de Sémiotique juridique,,,,10.1007/s11196-025-10388-4,Shilun Zhou,2025,https://link.springer.com/article/10.1007/s11196-025-10388-4,Article
Green and intelligent: the role of AI in the climate transition,npj Climate Action,,,,10.1038/s44168-025-00252-3,Nicholas SternMattia RomaniRoberta PierfedericiManuel BraunDaniel BarracloughShajeeshan LingeswaranElizabeth Weirich-BenetNiklas Niemann,2025,https://www.nature.com/articles/s44168-025-00252-3,Article
Agentic AI and the rise of in silico team science in biomedical research,Nature Biotechnology,,,,10.1038/s41587-026-03035-1,Binglan LiAnil Kumar SainiJose Guadalupe HernandezJason H. Moore,2026,https://link.springer.com/article/10.1038/s41587-026-03035-1,Article
Integrating IBM Watson BEAT generative AI software into flute music learning: the impact of advanced AI tools on students’ learning strategies,Education and Information Technologies,,,,10.1007/s10639-025-13394-y,Bin LiuYuanyuan Liao,2025,https://link.springer.com/article/10.1007/s10639-025-13394-y,Article
AI and early language learning: A scoping review,"AI, Brain and Child",,,,10.1007/s44436-025-00005-3,He SunJustina TanMing Chong Lim,2025,https://link.springer.com/article/10.1007/s44436-025-00005-3,Article
Neuro-symbolic AI for auditable cognitive information extraction from medical reports,Communications Medicine,,,,10.1038/s43856-025-01194-x,George A. PrenosilThilo K. WeitzelSandra C. BelloClemens MingelsGiulia ManziniLorenz P. MeierKuang-Yu ShiAxel RomingerAli Afshar-Oromieh,2025,https://link.springer.com/article/10.1038/s43856-025-01194-x,Article
Responsible Artificial Intelligence for Earth observation: human rights and the EU AI act,AI and Ethics,,,,10.1007/s43681-026-01149-5,Caroline Margaux GevaertSanja ŠćepanovićNadia BernazHannes TaubenböckMrinalini Kochupillai,2026,https://link.springer.com/article/10.1007/s43681-026-01149-5,Article
AI-Powered Edge Computing: Enhancing Cloud-Native AI Applications,"AI and Digital Transformation: Opportunities, Challenges, and Emerging Threats in Technology, Business, and Security",,,,10.1007/978-3-032-07373-0_15,Anand PolamarasettiViswaprakash YammanurVeera Venkata Ramana Murthy BokkaNaresh RavuriRahul Vadisetty,2026,https://link.springer.com/chapter/10.1007/978-3-032-07373-0_15,Conference paper
Why AI matters for education—an exploration in seven arguments,Zeitschrift für Bildungsforschung,,,,10.1007/s35834-025-00511-7,Thomas Knaus,2025,https://link.springer.com/article/10.1007/s35834-025-00511-7,Article
AI versus AI for democracy: exploring the potential of adversarial machine learning to enhance privacy and deliberative decision-making in elections,AI and Ethics,,,,10.1007/s43681-024-00588-2,Syafira Fitri AuliyaOlya KudinaAaron Yi DingIbo Van de Poel,2024,https://link.springer.com/article/10.1007/s43681-024-00588-2,Article
The roles of AI and educational leaders in AI-assisted administrative decision-making: a proposed framework for symbiotic collaboration,The Australian Educational Researcher,,,,10.1007/s13384-024-00771-8,Ruixun DaiMatthew Krehl Edward ThomasShaun Rawolle,2024,https://link.springer.com/article/10.1007/s13384-024-00771-8,Article
"AI sovereignty without power? Reviewing strategic agency, infrastructural dependence and digital imperialism",AI & SOCIETY,,,,10.1007/s00146-026-03116-4,Afzal AshrafVito Veneziano,2026,https://link.springer.com/article/10.1007/s00146-026-03116-4,Article
The epistemic revolution of AI: reconfiguring the foundations of scientific knowledge,AI & SOCIETY,,,,10.1007/s00146-025-02658-3,Manuel Alejandro Cruz-Aguilar,2025,https://link.springer.com/article/10.1007/s00146-025-02658-3,Article
Surgical training scalability through AI-based innovations,Global Surgical Education - Journal of the Association for Surgical Education,,,,10.1007/s44186-025-00348-8,Cristián JarryJavier VelaValentina DuránMatthew Van LeeuwenJulián Varas,2025,https://link.springer.com/article/10.1007/s44186-025-00348-8,Article
"Spatial AI, Generative AI and ChatGPT",Spatial Artificial Intelligence,,,,10.1007/978-3-031-82136-3_3,Fivos Papadimitriou,2025,https://link.springer.com/chapter/10.1007/978-3-031-82136-3_3,Chapter
AI as a socio-technical actor: rethinking definitions for ethics and governance,AI and Ethics,,,,10.1007/s43681-026-01123-1,Patrick Hedfeld,2026,https://link.springer.com/article/10.1007/s43681-026-01123-1,Article
"Normalizing doubt: AI, democratic confidence, and the OECD trust framework",AI & SOCIETY,,,,10.1007/s00146-025-02789-7,Craig Smith,2025,https://link.springer.com/article/10.1007/s00146-025-02789-7,Article
AI-powered open-source infrastructure for accelerating materials discovery and advanced manufacturing,Communications Materials,,,,10.1038/s43246-026-01105-0,Mariangeles SalasAnand SinghCarlos PignataroLokendra Pal,2026,https://link.springer.com/article/10.1038/s43246-026-01105-0,Article
From Barthes to algorithms: reimagining authorship and reader agency in the AI era,AI and Ethics,,,,10.1007/s43681-026-01108-0,Ayenew GuaduDawit Dibekulu,2026,https://link.springer.com/article/10.1007/s43681-026-01108-0,Article
AI-Mediated Translanguaging,The Palgrave Encyclopedia of Computer-Assisted Language Learning,,,,10.1007/978-3-031-51447-0_356-1,Ekaterina TourEdwin CreelyMarianne Turner,2026,https://link.springer.com/rwe/10.1007/978-3-031-51447-0_356-1,Living reference work entry